feature,mean_importance,std,ci_lo_2.5,ci_hi_97.5
eua_mom4,0.06567491680383682,0.010997448775050095,0.04676794614642858,0.08706685826182366
eua_rv12,0.058033784814178944,0.008483364672371246,0.043050762824714185,0.07481175120919943
auc_n,0.057462775353342294,0.012310712344791148,0.03606449170038104,0.08528035152703524
gpr_threat_act_gap,0.05690653437748552,0.01017439958583832,0.04049408584833145,0.07530607134103776
auc_discount,0.05586609213612974,0.009251291392018097,0.04145062118768692,0.07968891728669407
auc_vol_dlog,0.05510908775962889,0.009348004969220537,0.039599642157554626,0.07365379258990289
gpr_surprise,0.05486061630770564,0.010088734991631864,0.0385733244009316,0.0782823970541358
gpr_log,0.05483505075797439,0.010755069643348778,0.037349565979093315,0.0784008715301752
vstoxx_close,0.05414211758412421,0.010621425365134047,0.03830686155706644,0.07758941538631917
gpr_surprise_lag1,0.05056939526461065,0.009408759971008943,0.03719215672463179,0.07267814036458732
gpr_dlog,0.05002729218453169,0.007861910265402028,0.0355874408967793,0.06392306219786406
auc_cover,0.050025578066706655,0.008607203206712865,0.03593130931258202,0.06926836296916009
gpr_vol6,0.049993920484557745,0.007593286984261909,0.03738062949851156,0.06526143401861192
gpr_log_lag1,0.04979084769263863,0.007652693108698101,0.03771362081170082,0.06740511115640402
gpr_log_lag2,0.04763539806008339,0.007639375257783805,0.03395695108920336,0.06409244854003192
natgas_ret,0.047613901868462566,0.011146988854205744,0.02782392855733633,0.06824779231101274
cpu_log,0.04728901330381632,0.008747410387170543,0.03211948145180941,0.06430012136697769
brent_ret,0.04648888043127954,0.012220930510483426,0.028781112004071473,0.06924661416560411
coal_ret,0.04648045487701893,0.01177519683455333,0.027254146896302702,0.07185065895318984
gpr_shock_dummy,0.0011943479487672448,0.008321811857317434,0.0,0.0001343638869002767
