state,n_obs,model,rmse,R2_OS_pct
full_sample,386,Ridge_CTRL,0.05849981927051126,-2.4542642814844307
full_sample,386,Ridge_CTRL_GPRfull,0.058697597324068124,-3.148196620623378
full_sample,386,XGB_CTRL,0.05890274590180368,-3.87046414836405
full_sample,386,XGB_CTRL_GPRfull,0.05984771944596642,-7.229974320812671
full_sample,386,COMB_equal_GPR,0.05825342589481614,-1.5930346206828316
full_sample,386,B_AR1,0.05790828063304884,-0.39274544514886767
crisis_covid,17,Ridge_CTRL,0.09446665689851964,-0.13518138480168584
crisis_covid,17,Ridge_CTRL_GPRfull,0.0957930459405354,-2.96688200323727
crisis_covid,17,XGB_CTRL,0.08995850900023376,9.194094464042035
crisis_covid,17,XGB_CTRL_GPRfull,0.0955077295993121,-2.354428711582046
crisis_covid,17,COMB_equal_GPR,0.09447768865940681,-0.15857020610448025
crisis_covid,17,B_AR1,0.09557646101027241,-2.5017988911931743
crisis_energy_crisis,18,Ridge_CTRL,0.053736769322906865,1.6486478789652037
crisis_energy_crisis,18,Ridge_CTRL_GPRfull,0.051326138835201186,10.274803561813851
crisis_energy_crisis,18,XGB_CTRL,0.05595369834920951,-6.633784653488517
crisis_energy_crisis,18,XGB_CTRL_GPRfull,0.05004053211181242,14.713347749756146
crisis_energy_crisis,18,COMB_equal_GPR,0.05319435732460716,3.624118882698335
crisis_energy_crisis,18,B_AR1,0.05449052130875835,-1.1298014754195895
crisis_russia_ukraine,43,Ridge_CTRL,0.0882068676566667,-2.2253036387236413
crisis_russia_ukraine,43,Ridge_CTRL_GPRfull,0.08984289656070563,-6.052546170918993
crisis_russia_ukraine,43,XGB_CTRL,0.08741988950655895,-0.4093407610318067
crisis_russia_ukraine,43,XGB_CTRL_GPRfull,0.09139062832899887,-9.73797342745315
crisis_russia_ukraine,43,COMB_equal_GPR,0.08852654444548941,-2.9676103302894274
crisis_russia_ukraine,43,B_AR1,0.0871292962366018,0.2570929976082881
crisis_middle_east,35,Ridge_CTRL,0.05870625170879569,-1.8080395041326858
crisis_middle_east,35,Ridge_CTRL_GPRfull,0.05682233833258303,4.621261702974577
crisis_middle_east,35,XGB_CTRL,0.05751319832190958,2.287886136803896
crisis_middle_east,35,XGB_CTRL_GPRfull,0.05732135064651097,2.9386785479349586
crisis_middle_east,35,COMB_equal_GPR,0.057653553477741426,1.8103911036001175
crisis_middle_east,35,B_AR1,0.05810373199526703,0.27100886844070304
any_crisis,113,Ridge_CTRL,0.07635900990717466,-1.3472515427706666
any_crisis,113,Ridge_CTRL_GPRfull,0.07662737391365837,-2.060873894766746
any_crisis,113,XGB_CTRL,0.07515858367523216,1.814224824182742
any_crisis,113,XGB_CTRL_GPRfull,0.07724743364234074,-3.7192859538034417
any_crisis,113,COMB_equal_GPR,0.07619272977189626,-0.9063425750308607
any_crisis,113,B_AR1,0.07603766908345716,-0.49604921237729194
non_crisis,273,Ridge_CTRL,0.049247503028313606,-3.580125915818688
non_crisis,273,Ridge_CTRL_GPRfull,0.04940744893071363,-4.254032983991762
non_crisis,273,XGB_CTRL,0.05067038084593235,-9.651945240216552
non_crisis,273,XGB_CTRL_GPRfull,0.050935050121991565,-10.800438511777365
non_crisis,273,COMB_equal_GPR,0.048940184192970845,-2.2914188413561076
non_crisis,273,B_AR1,0.04845848101293807,-0.2876827442987784
high_GPR,193,Ridge_CTRL,0.05885215310063587,-2.0880916070778133
high_GPR,193,Ridge_CTRL_GPRfull,0.0592175726489054,-3.3597799902738146
high_GPR,193,XGB_CTRL,0.05924799075533415,-3.465992255793404
high_GPR,193,XGB_CTRL_GPRfull,0.060413452530899706,-7.576567895422515
high_GPR,193,COMB_equal_GPR,0.05875240910816753,-1.7423423221806011
high_GPR,193,B_AR1,0.05829270073533203,-0.1564048505003024
low_GPR,193,Ridge_CTRL,0.05814535050014127,-2.8321273033846905
low_GPR,193,Ridge_CTRL_GPRfull,0.05817297441947172,-2.929858287296083
low_GPR,193,XGB_CTRL,0.058555465509213915,-4.287849120763032
low_GPR,193,XGB_CTRL_GPRfull,0.05927658727577812,-6.872315476701707
low_GPR,193,COMB_equal_GPR,0.05775013143666587,-1.4389601546611397
low_GPR,193,B_AR1,0.05752129147309628,-0.6366313971421844
