model,CER_per_period,CER_annualized_pct,mean_return_annualized_pct,volatility_annualized_pct,sharpe_annualized,avg_absolute_weight,avg_turnover,CER_gain_vs_histmean_pp
B_zero,0.0,0.0,0.0,0.0,0.0,0.0,0.0,4.3816180319147895
B_histmean,-0.0008426188522913057,-4.3816180319147895,1.4208963209954237,15.234847361112895,0.09326619999849958,0.3612972008930604,0.01533713830087973,0.0
B_AR1,-0.001328505636061586,-6.908229307520247,-0.6101149637929886,15.872131984994652,-0.03843938321216493,0.3699310632019684,0.09779004121248362,-2.5266112756054575
COMB_equal_GPR,-0.0018574347114483159,-9.658660499531242,-1.9573613520065456,17.55140922834938,-0.11152160641121384,0.36156825000645476,0.23400965905788265,-5.277042467616453
COMB_dmsfe_GPR,-0.0018743763729280813,-9.746757139226023,-2.075448486496486,17.517201434852012,-0.11848059715073898,0.36059526469357384,0.23157288987000066,-5.365139107311234
PCR_CTRL_GPRfull,-0.001955320502159916,-10.167666611231564,-0.48607045624672435,19.67902045833058,-0.024699931445172525,0.37563513141203714,0.16747491065987616,-5.786048579316774
Ridge_CTRL_GPRlevel,-0.0021638612735918857,-11.252078622677805,-1.346906093375113,19.904946650822946,-0.0676669029540268,0.3876441505928289,0.25509211802771203,-6.870460590763016
XGB_CTRL,-0.002165279624326841,-11.259454046499574,11.496648591443098,30.170251996257946,0.3810590840472348,0.6082747406392705,0.5646361283057367,-6.877836014584784
Ridge_CTRL,-0.002245248140053588,-11.675290328278658,-0.45973325278154736,21.180705441979132,-0.021705285219383034,0.42997843815879994,0.25284053499781733,-7.2936722963638685
Ridge_CTRL_GPRfull,-0.0023556003210314803,-12.249121669363698,-0.12157492215804759,22.02502826078155,-0.005519853174061404,0.43522706390523663,0.3457463824590062,-7.867503637448908
Ridge_CTRL_GPRsurprise,-0.002694977676352544,-14.01388391703323,-2.587616257308782,21.378744265952054,-0.12103686844425925,0.42743003704416244,0.2872663613979753,-9.63226588511844
XGB_CTRL_GPRfull,-0.0043987547580612,-22.873524741918242,-3.387885101947737,27.91819452612973,-0.12135043685183067,0.5397301733216258,0.5350450864717207,-18.49190671000345
