code,n,n_oos,status,r2_CTRL,r2_CTRL_PLACEBO,r2_CTRL_GPR,gain_gpr_vs_ctrl,gain_gpr_vs_placebo,argmax_CTRL,argmax_CTRL_PLACEBO,argmax_CTRL_GPR,envelope_matched,pinball_gain_q5,DM_p_q5,pinball_gain_plc_q5,DM_p_plc_q5,pinball_gain_q95,DM_p_q95,pinball_gain_plc_q95,DM_p_plc_q95,ac1,pct_zero_ret,coverage,median_gap_days,pct_gap_gt10d,region,allocation,energy_import_dep,euro_geo_exposure,imp_ord,expo_ord,alloc_ord
CCA,266,147,OK,2.721323147941934,5.270752877915652,1.0546845236293345,-1.6666386243125997,-4.2160683542863175,PCR,Ridge,ENet,False,5.5911063609044325,0.0024126187039505975,5.324855229907051,0.015432129865413424,-1.316896563518666,0.331518674483233,-1.3369692202732657,0.5810104261993492,0.2107158733605744,1.1278195488721803,0.9925373134328358,7.0,0.7547169811320755,North America,auction+free,low,low,0,0,2
CEA,253,128,OK,0.7671746589504314,0.9976512492817169,2.2027903864308085,1.4356157274803771,1.2051391371490916,PCR,Ridge,Ridge,False,-5.14487237552329,0.11046192756321283,-2.733505135139265,0.3913114545407883,-2.84666330209941,0.27430637661643464,-1.6417738172683796,0.5836515867430356,-0.07040145729499692,7.905138339920949,0.9806201550387597,7.0,2.380952380952381,Asia,free,high,medium,2,1,0
EUA,355,196,OK,-0.7744575017978095,-0.6594238679389797,0.6226343523213274,1.3970918541191368,1.282058220260307,ENet,PCR,ENet,False,2.2735325678284717,0.4415548894223129,0.17775610340454154,0.9478368862221545,-1.1206427940486552,0.5632757660615324,0.6213507843040346,0.686557116993936,0.11856899438143258,0.0,0.9833795013850416,7.0,1.4124293785310735,Europe,auction-dominant,high,high,2,2,3
GDEA,579,307,OK,4.084141242906448,4.214042232855208,5.596566509402723,1.5124252664962752,1.3825242765475148,XGB,ENet,Ridge,False,6.506244866247177,0.03908447921983926,6.614448317081617,0.030070247950562123,-1.7148079064417392,0.21108185887330344,-3.5087191133217157,0.09771945155930717,-0.2739637203772423,0.8635578583765112,0.9682274247491639,7.0,2.768166089965398,Asia,mostly free,high,medium,2,1,1
HBEA,578,306,OK,0.1190521046876003,-0.5392765219336626,-0.9849617345984552,-1.1040138392860555,-0.44568521266479255,Ridge,Ridge,PCR,False,-0.5403706307626243,0.7936445099295937,-0.22074954535997185,0.9109859193042353,0.6722345063480819,0.7407683870412909,3.5696043794536876,0.04572086452145929,-0.348197154181341,0.6920415224913495,0.9665551839464883,7.0,2.4263431542461005,Asia,mostly free,high,medium,2,1,1
KAU,597,317,OK,0.5431195608170847,-0.9420550127559713,-1.6334694551291218,-2.1765890159462065,-0.6914144423731505,XGB,PCR,PCR,False,-3.5167260585161904,0.2372321583633885,0.722278382134893,0.7615770271234461,-3.318043478676351,0.3036200348103133,-0.3873005127486011,0.8981571333008374,-0.035996016722753696,21.608040201005025,1.0,7.0,0.16778523489932887,Asia,mostly free,very high,medium,3,1,1
NZU_pre24,454,250,OK,-1.7691813583268878,-1.8896085071797186,-1.8233298357529737,-0.05414847742608586,0.06627867142674493,ENet,ENet,XGB,False,-0.32324325383644553,0.8887027296562839,1.0254586188439263,0.6189624872391044,-0.9268049892981927,0.48143874705843803,-3.6399055198683326,0.18865111760171693,0.20796805170988902,5.726872246696035,1.0,7.0,0.22075055187637968,Asia-Pacific,auction+free,medium,low,1,0,2
RGGI,560,296,OK,9.007798704592584,8.92953184259142,9.203959181872756,0.19616047728017172,0.27442733928133656,ENet,ENet,ENet,True,0.2733168579250043,0.914327377444323,0.8910252730676096,0.7784845161330254,-2.0630469501427084,0.3932688073106043,0.8725370034678097,0.7639346219685006,-0.35215123171908347,3.392857142857143,0.9364548494983278,7.0,6.082289803220036,North America,auction,low,low,0,0,3
UKA,236,130,OK,2.100415542309586,1.5167999157408074,0.051309647965491756,-2.0491058943440943,-1.4654902677753157,Ridge,ENet,ENet,False,-2.6655130339474864,0.11222738108750763,2.6375330384129816,0.3806509053589662,-5.063660982154951,0.49052875210711666,-2.473678137596495,0.7222174806935548,0.18111492162798803,0.0,0.9833333333333333,7.0,1.702127659574468,Europe,auction-dominant,high,high,2,2,3
