code,estimator,r2_CTRL,r2_CTRL_PLACEBO,r2_CTRL_GPR,gain_vs_ctrl,gain_vs_placebo
CCA,Ridge,0.6505884146413621,5.270752877915652,0.00879652680008114,-0.6417918878412809,-5.261956351115571
CCA,ENet,0.5037345612976307,2.5706518829785585,1.0546845236293345,0.5509499623317038,-1.515967359349224
CCA,PCR,2.721323147941934,1.734622463305624,-2.076967263962737,-4.798290411904671,-3.8115897272683608
CCA,XGB,-4.642499771513586,-0.6796690984584464,-6.9915125443607895,-2.3490127728472032,-6.311843445902343
CEA,Ridge,-1.293853151991864,0.9976512492817169,2.2027903864308085,3.4966435384226724,1.2051391371490916
CEA,ENet,-0.5708335861434044,-2.816199068886527,1.4645676875168046,2.035401273660209,4.280766756403331
CEA,PCR,0.7671746589504314,-1.206937843145739,-0.25443071608381995,-1.0216053750342513,0.952507127061919
CEA,XGB,-2.7480982681390653,-2.6105581017584756,-5.243287070977476,-2.4951888028384106,-2.6327289692190003
EUA,Ridge,-1.446779179760549,-3.5887364783143694,-1.4102644628507965,0.03651471690975239,2.178472015463573
EUA,ENet,-0.7744575017978095,-0.9341553758544174,0.6226343523213274,1.3970918541191368,1.5567897281757448
EUA,PCR,-0.8656981607406022,-0.6594238679389797,-2.4681358573330536,-1.6024376965924514,-1.808711989394074
EUA,XGB,-8.472949305744049,-10.005824954014674,-10.597487869473099,-2.1245385637290504,-0.591662915458425
GDEA,Ridge,3.48813612712342,3.202135131620787,5.596566509402723,2.1084303822793027,2.394431377781936
GDEA,ENet,4.052464122105038,4.214042232855208,5.286553030479024,1.2340889083739865,1.0725107976238162
GDEA,PCR,-0.6146287958240348,-0.07880278942233865,-2.663708421507449,-2.0490796256834143,-2.5849056320851105
GDEA,XGB,4.084141242906448,3.1769804998132978,0.3916127001068137,-3.692528542799634,-2.785367799706484
HBEA,Ridge,0.1190521046876003,-0.5392765219336626,-1.1095883211630353,-1.2286404258506356,-0.5703117992293727
HBEA,ENet,-1.6787405567258107,-2.6963262559753787,-3.504082148532217,-1.8253415918064064,-0.8077558925568384
HBEA,PCR,-4.2532946452362275,-0.9625046393899606,-0.9849617345984552,3.2683329106377723,-0.022457095208494593
HBEA,XGB,-5.192281872796589,-6.367815597665083,-4.337466104826948,0.8548157679696411,2.030349492838135
KAU,Ridge,-2.422918156123477,-2.5516754148008136,-3.340642717922604,-0.917724561799127,-0.7889673031217903
KAU,ENet,-2.6660619828992482,-1.2029640878501446,-2.707468562007609,-0.04140657910836065,-1.5045044741574642
KAU,PCR,-1.6449382276217728,-0.9420550127559713,-1.6334694551291218,0.011468772492650992,-0.6914144423731505
KAU,XGB,0.5431195608170847,-1.6723243475945893,-2.0962896036842205,-2.639409164501305,-0.4239652560896312
NZU_pre24,Ridge,-3.3629388297004903,-3.7045468964541417,-3.3931939694532565,-0.03025513975276617,0.31135292700088524
NZU_pre24,ENet,-1.7691813583268878,-1.8896085071797186,-2.1627502242459906,-0.3935688659191028,-0.273141717066272
NZU_pre24,PCR,-2.5607271404037846,-2.518269804317419,-1.8968248753569394,0.6639022650468451,0.6214449289604795
NZU_pre24,XGB,-9.564711230508149,-9.705433176850242,-1.8233298357529737,7.741381394755175,7.8821033410972685
RGGI,Ridge,7.966633844315762,3.6566377387993954,6.713141281035528,-1.2534925632802336,3.056503542236133
RGGI,ENet,9.007798704592584,8.92953184259142,9.203959181872756,0.19616047728017172,0.27442733928133656
RGGI,PCR,-0.8682890313802094,-1.8922222535522115,0.8161199206743075,1.684408952054517,2.708342174226519
RGGI,XGB,-4.906689913091622,-7.656895807421793,-3.551138330856851,1.3555515822347708,4.105757476564942
UKA,Ridge,2.100415542309586,1.2430666976190663,-0.706300277737637,-2.806715820047223,-1.9493669753567033
UKA,ENet,1.1450843149944712,1.5167999157408074,0.051309647965491756,-1.0937746670289794,-1.4654902677753157
UKA,PCR,-0.8298502843520295,-2.53432434277836,-2.489112682347727,-1.6592623979956977,0.04521166043063296
UKA,XGB,-5.7149900639615,-0.7635046914531651,-7.600926077492143,-1.8859360135306424,-6.837421386038978
