outcome,label,null_status,K,n_negative,mean,median,sd,sign_p,wilcoxon_p,panel,rho_bar,Z,p_two_sided,K_eff,ub_one_sided,ci_lo,ci_hi
$\Delta^{ctrl}$,R2_OS gain vs controls (pp),descriptive,9.0,5.0,-0.27880028065989787,-0.0541484774260858,1.523771576816901,1.0,0.5703125,A/B,,,,,,,
$\Delta^{plc}$,R2_OS gain vs noise block (pp),well-specified,9.0,4.0,-0.2898034036038424,0.0662786714267449,1.7653193563880103,1.0,0.91015625,A/B,,,,,,,
G(0.95),"Pinball vs CTRL, tau=0.95 (%)",descriptive,9.0,8.0,-1.9664813844480658,-1.7148079064417392,1.63736748054382,0.0390625,0.0078125,A/B,,,,,,,
G(0.05),"Pinball vs CTRL, tau=0.05 (%)",descriptive,9.0,5.0,0.27260836670211624,-0.3232432538364455,3.9450131088329017,1.0,1.0,A/B,,,,,,,
Gp(0.95),"Pinball vs NOISE, tau=0.95 (%)",well-specified,9.0,6.0,-0.8805393504279176,-1.3369692202732657,2.324417730984041,0.5078125,0.30078125,A/B,,,,,,,
Gp(0.05),"Pinball vs NOISE, tau=0.05 (%)",well-specified,9.0,2.0,1.6043444758170426,0.8910252730676096,2.8682715812223742,0.1796875,0.12890625,A/B,,,,,,,
G(0.95),,,,,,,,,,C,0.0,-2.279,0.0226,,,,
G(0.95),,,,,,,,,,C,0.1,-1.699,0.0893,,,,
G(0.95),,,,,,,,,,C,0.2,-1.414,0.1575,,,,
G(0.95),,,,,,,,,,C,0.3,-1.236,0.2164,,,,
G(0.95),,,,,,,,,,C,0.5,-1.019,0.308,,,,
G(0.05),,,,,,,,,,C,0.0,0.402,0.6875,,,,
G(0.05),,,,,,,,,,C,0.1,0.3,0.7643,,,,
G(0.05),,,,,,,,,,C,0.2,0.249,0.803,,,,
G(0.05),,,,,,,,,,C,0.3,0.218,0.8273,,,,
G(0.05),,,,,,,,,,C,0.5,0.18,0.8572,,,,
Gp(0.95),,,,,,,,,,C,0.0,-0.617,0.537,,,,
Gp(0.95),,,,,,,,,,C,0.1,-0.46,0.6454,,,,
Gp(0.95),,,,,,,,,,C,0.2,-0.383,0.7018,,,,
Gp(0.95),,,,,,,,,,C,0.3,-0.335,0.7377,,,,
Gp(0.95),,,,,,,,,,C,0.5,-0.276,0.7825,,,,
Gp(0.05),,,,,,,,,,C,0.0,1.882,0.0598,,,,
Gp(0.05),,,,,,,,,,C,0.1,1.403,0.1607,,,,
Gp(0.05),,,,,,,,,,C,0.2,1.167,0.2431,,,,
Gp(0.05),,,,,,,,,,C,0.3,1.021,0.3074,,,,
Gp(0.05),,,,,,,,,,C,0.5,0.842,0.4,,,,
,,,,8.0,,,,0.0390625,,D,,,,9.0,,,
,,,,7.0,,,,0.0703125,,D,,,,8.0,,,
,,,,6.0,,,,0.125,,D,,,,7.0,,,
,,,,5.0,,,,0.21875,,D,,,,6.0,,,
$\Delta^{ctrl}$,,,,,-0.279,,,,,E,0.0,,,,0.666,-1.45,0.892
$\Delta^{ctrl}$,,,,,-0.279,,,,,E,0.2,,,,1.244,-2.167,1.61
$\Delta^{plc}$,,,,,-0.29,,,,,E,0.0,,,,0.804,-1.647,1.067
$\Delta^{plc}$,,,,,-0.29,,,,,E,0.2,,,,1.475,-2.478,1.898
