outcome,characteristic,spearman_rho,spearman_p_exact,spearman_p_asym,JT_J,JT_p_increasing,JT_p_decreasing,n_arrangements
$\Delta^{ctrl}$,European geopolitical exposure,0.009,0.9873,0.982,13.0,0.5429,0.5429,1260
$\Delta^{ctrl}$,Energy import dependence,-0.138,0.7487,0.724,11.0,0.672,0.412,1512
$\Delta^{ctrl}$,Degree of auctioning,-0.191,0.6218,0.623,13.0,0.6637,0.4165,5040
$\Delta^{plc}$,European geopolitical exposure,0.187,0.6302,0.63,15.0,0.3722,0.7063,1260
$\Delta^{plc}$,Energy import dependence,0.138,0.7487,0.724,14.0,0.412,0.672,1512
$\Delta^{plc}$,Degree of auctioning,-0.156,0.6845,0.689,13.0,0.6637,0.4165,5040
G(0.95),European geopolitical exposure,-0.294,0.4333,0.443,9.0,0.8381,0.2222,1260
G(0.95),Energy import dependence,-0.33,0.3942,0.385,9.0,0.8155,0.2513,1512
G(0.95),Degree of auctioning,-0.017,0.975,0.965,14.0,0.5835,0.5,5040
G(0.05),European geopolitical exposure,-0.249,0.5063,0.517,10.0,0.7778,0.2937,1260
G(0.05),Energy import dependence,-0.495,0.1839,0.175,6.0,0.9471,0.0853,1512
G(0.05),Degree of auctioning,0.355,0.3532,0.348,19.0,0.1974,0.8575,5040
Gp(0.95),European geopolitical exposure,0.062,0.8825,0.873,14.0,0.4571,0.6278,1260
Gp(0.95),Energy import dependence,0.028,0.9815,0.944,13.0,0.5,0.588,1512
Gp(0.95),Degree of auctioning,0.121,0.754,0.756,16.0,0.4165,0.6637,5040
Gp(0.05),European geopolitical exposure,-0.249,0.5063,0.517,10.0,0.7778,0.2937,1260
Gp(0.05),Energy import dependence,-0.358,0.3664,0.344,9.0,0.8155,0.2513,1512
Gp(0.05),Degree of auctioning,0.312,0.4143,0.414,18.0,0.2625,0.8026,5040
