screen,outcome,K,n_negative,mean,median,sd,sign_p,wilcoxon_p
Baseline (all retained markets),$\Delta^{ctrl}$,9,5,-0.27880028065989787,-0.0541484774260858,1.523771576816901,1.0,0.5703125
Baseline (all retained markets),$\Delta^{plc}$,9,4,-0.2898034036038424,0.0662786714267449,1.7653193563880103,1.0,0.91015625
Baseline (all retained markets),G(0.95),9,8,-1.9664813844480658,-1.7148079064417392,1.63736748054382,0.0390625,0.0078125
Exclude zero-return share > 5%,$\Delta^{ctrl}$,6,3,-0.28568012667452763,-0.453926681002942,1.5481254333799932,1.0,0.6875
Exclude zero-return share > 5%,$\Delta^{plc}$,6,3,-0.5313723331062112,-0.085628936691728,2.1003688763323276,1.0,0.6875
Exclude zero-return share > 5%,G(0.95),6,5,-1.7678034483264398,-1.5158522349802026,1.8723553769294474,0.21875,0.0625
"Exclude Chinese markets (CEA, GDEA, HBEA)",$\Delta^{ctrl}$,6,4,-0.7255382801049463,-0.8603935508693428,1.4525082360206096,0.6875,0.3125
"Exclude Chinese markets (CEA, GDEA, HBEA)",$\Delta^{plc}$,6,3,-0.7917014722443992,-0.3125678854732028,1.9164329993049762,1.0,0.5625
"Exclude Chinese markets (CEA, GDEA, HBEA)",G(0.95),6,6,-2.30151595963992,-1.6899717568306873,1.6108015291315758,0.03125,0.03125
Exclude N_oos < 150,$\Delta^{ctrl}$,6,3,-0.03817895579379404,0.07100599992704294,1.4302690188713807,1.0,1.0
Exclude N_oos < 150,$\Delta^{plc}$,6,2,0.3113648087463267,0.1703530053540407,0.8636840692484492,0.6875,0.5625
Exclude N_oos < 150,G(0.95),6,5,-1.4118519353765937,-1.4177253502451972,1.3276214119907326,0.21875,0.0625
Exclude NZU_pre24,$\Delta^{ctrl}$,8,4,-0.30688175606412443,-0.453926681002942,1.6264888370675425,1.0,0.546875
Exclude NZU_pre24,$\Delta^{plc}$,8,4,-0.3343136629826658,-0.085628936691728,1.8817991273788872,1.0,0.84375
Exclude NZU_pre24,G(0.95),8,7,-2.0964409338417997,-1.8889274282922237,1.7000729080281287,0.0703125,0.015625
Exclude quote coverage < 95%,$\Delta^{ctrl}$,8,5,-0.33817037540240663,-0.5790811583560708,1.6178138847460453,0.7265625,0.4609375
Exclude quote coverage < 95%,$\Delta^{plc}$,8,4,-0.36033224646448975,-0.1897032706190238,1.8736011379040165,1.0,0.84375
Exclude quote coverage < 95%,G(0.95),8,7,-1.9544106887362354,-1.5158522349802026,1.749991330945943,0.0703125,0.015625
High and medium European exposure only,$\Delta^{ctrl}$,6,3,-0.16409598358009467,0.14653900741654058,1.8052116036363826,1.0,0.84375
High and medium European exposure only,$\Delta^{plc}$,6,3,0.21118861852394244,0.3797269622421495,1.2299718829760953,1.0,0.84375
High and medium European exposure only,G(0.95),6,5,-2.231930659512171,-2.2807356042705744,1.9754890974265256,0.21875,0.0625
Low European exposure only (control group),$\Delta^{ctrl}$,3,2,-0.5082088748195046,-0.0541484774260858,1.0110060615963246,1.0,
Low European exposure only (control group),$\Delta^{plc}$,3,1,-1.291787447859412,0.0662786714267449,2.5346391423143717,1.0,
Low European exposure only (control group),G(0.95),3,3,-1.4355828343198558,-1.316896563518666,0.5773441534764749,0.25,
