code,tau,reference,gain,p,bonferroni,holm,bh_q
CCA,q5,vs CTRL,5.5911063609044325,0.0024126187039505,0.086854273342218,0.086854273342218,0.086854273342218
CCA,q5,vs NOISE,5.324855229907051,0.0154321298654134,0.5555566751548824,0.540124545289469,0.2777783375774412
GDEA,q5,vs NOISE,6.614448317081617,0.0300702479505621,1.0,1.0,0.32919022455450625
GDEA,q5,vs CTRL,6.506244866247177,0.0390844792198392,1.0,1.0,0.32919022455450625
HBEA,q95,vs NOISE,3.5696043794536876,0.0457208645214592,1.0,1.0,0.32919022455450625
GDEA,q95,vs NOISE,-3.5087191133217157,0.0977194515593071,1.0,1.0,0.5050232148937842
CEA,q5,vs CTRL,-5.14487237552329,0.1104619275632128,1.0,1.0,0.5050232148937842
UKA,q5,vs CTRL,-2.6655130339474864,0.1122273810875076,1.0,1.0,0.5050232148937842
NZU_pre24,q95,vs NOISE,-3.639905519868333,0.1886511176017169,1.0,1.0,0.7546044704068676
GDEA,q95,vs CTRL,-1.7148079064417392,0.2110818588733034,1.0,1.0,0.7598946919438923
KAU,q5,vs CTRL,-3.5167260585161904,0.2372321583633885,1.0,1.0,0.7763961546438171
CEA,q95,vs CTRL,-2.84666330209941,0.2743063766164346,1.0,1.0,0.8229191298493038
KAU,q95,vs CTRL,-3.318043478676351,0.3036200348103133,1.0,1.0,0.8328045331283385
CCA,q95,vs CTRL,-1.316896563518666,0.331518674483233,1.0,1.0,0.8328045331283385
UKA,q5,vs NOISE,2.6375330384129816,0.3806509053589662,1.0,1.0,0.8328045331283385
CEA,q5,vs NOISE,-2.733505135139265,0.3913114545407883,1.0,1.0,0.8328045331283385
RGGI,q95,vs CTRL,-2.0630469501427084,0.3932688073106043,1.0,1.0,0.8328045331283385
EUA,q5,vs CTRL,2.2735325678284717,0.4415548894223129,1.0,1.0,0.88295175379281
NZU_pre24,q95,vs CTRL,-0.9268049892981928,0.481438747058438,1.0,1.0,0.88295175379281
UKA,q95,vs CTRL,-5.063660982154951,0.4905287521071166,1.0,1.0,0.88295175379281
EUA,q95,vs CTRL,-1.1206427940486552,0.5632757660615324,1.0,1.0,0.9135416140325776
CCA,q95,vs NOISE,-1.3369692202732657,0.5810104261993492,1.0,1.0,0.9135416140325776
CEA,q95,vs NOISE,-1.6417738172683796,0.5836515867430356,1.0,1.0,0.9135416140325776
NZU_pre24,q5,vs NOISE,1.0254586188439263,0.6189624872391044,1.0,1.0,0.921651688950496
EUA,q95,vs NOISE,0.6213507843040346,0.686557116993936,1.0,1.0,0.921651688950496
UKA,q95,vs NOISE,-2.473678137596495,0.7222174806935548,1.0,1.0,0.921651688950496
HBEA,q95,vs CTRL,0.6722345063480819,0.7407683870412909,1.0,1.0,0.921651688950496
KAU,q5,vs NOISE,0.722278382134893,0.7615770271234461,1.0,1.0,0.921651688950496
RGGI,q95,vs NOISE,0.8725370034678097,0.7639346219685006,1.0,1.0,0.921651688950496
RGGI,q5,vs NOISE,0.8910252730676096,0.7784845161330254,1.0,1.0,0.921651688950496
HBEA,q5,vs CTRL,-0.5403706307626243,0.7936445099295937,1.0,1.0,0.921651688950496
NZU_pre24,q5,vs CTRL,-0.3232432538364455,0.8887027296562839,1.0,1.0,0.9404510167998751
KAU,q95,vs NOISE,-0.3873005127486011,0.8981571333008374,1.0,1.0,0.9404510167998751
HBEA,q5,vs NOISE,-0.2207495453599718,0.9109859193042352,1.0,1.0,0.9404510167998751
RGGI,q5,vs CTRL,0.2733168579250043,0.914327377444323,1.0,1.0,0.9404510167998751
EUA,q5,vs NOISE,0.1777561034045415,0.9478368862221545,1.0,1.0,0.9478368862221545
