feature,coverage,n_valid,first,last,dropped
eua_rv12,0.9638,133,2015-07-31,2026-07-31,False
cpu_log,0.9783,135,2015-02-28,2026-04-30,False
exp_share_risky,0.9855,136,2015-02-28,2026-05-31,False
eua_mom4,0.9855,136,2015-04-30,2026-07-31,False
exp_hhi,0.9855,136,2015-02-28,2026-05-31,False
gpr_x_exposure,0.9855,136,2015-02-28,2026-05-31,False
gpr_exp_orth,0.9855,136,2015-02-28,2026-05-31,False
natgas_ret,0.9928,137,2015-03-31,2026-07-31,False
brent_ret,0.9928,137,2015-03-31,2026-07-31,False
coal_ret,0.9928,137,2015-03-31,2026-07-31,False
gpr_log_lag2,0.9928,137,2015-03-31,2026-07-31,False
placebo1,1.0,138,2015-02-28,2026-07-31,False
placebo2,1.0,138,2015-02-28,2026-07-31,False
placebo3,1.0,138,2015-02-28,2026-07-31,False
auc_cover,1.0,138,2015-02-28,2026-07-31,False
placebo5,1.0,138,2015-02-28,2026-07-31,False
placebo6,1.0,138,2015-02-28,2026-07-31,False
placebo7,1.0,138,2015-02-28,2026-07-31,False
placebo8,1.0,138,2015-02-28,2026-07-31,False
placebo4,1.0,138,2015-02-28,2026-07-31,False
gpr_vol6,1.0,138,2015-02-28,2026-07-31,False
gpr_surprise,1.0,138,2015-02-28,2026-07-31,False
gpr_surprise_pos,1.0,138,2015-02-28,2026-07-31,False
gpr_surprise_neg,1.0,138,2015-02-28,2026-07-31,False
gpr_surprise_lag1,1.0,138,2015-02-28,2026-07-31,False
placebo9,1.0,138,2015-02-28,2026-07-31,False
gpr_shock_dummy,1.0,138,2015-02-28,2026-07-31,False
gpr_log_lag1,1.0,138,2015-02-28,2026-07-31,False
gpr_log,1.0,138,2015-02-28,2026-07-31,False
gpr_dlog,1.0,138,2015-02-28,2026-07-31,False
auc_vol_dlog,1.0,138,2015-02-28,2026-07-31,False
auc_n,1.0,138,2015-02-28,2026-07-31,False
auc_discount,1.0,138,2015-02-28,2026-07-31,False
gpr_threat_act_gap,1.0,138,2015-02-28,2026-07-31,False
vstoxx_close,1.0,138,2015-02-28,2026-07-31,False
