target_month,y,B_zero,B_histmean,B_histmean_CT,B_AR1,sigma2,Ridge_CTRL,ENet_CTRL,PCR_CTRL,XGB_CTRL,Ridge_CTRL_PLACEBO,ENet_CTRL_PLACEBO,PCR_CTRL_PLACEBO,XGB_CTRL_PLACEBO,Ridge_CTRL_GPRlevel,ENet_CTRL_GPRlevel,PCR_CTRL_GPRlevel,XGB_CTRL_GPRlevel,Ridge_CTRL_GPRdlag,ENet_CTRL_GPRdlag,PCR_CTRL_GPRdlag,XGB_CTRL_GPRdlag,Ridge_CTRL_GPRsurprise,ENet_CTRL_GPRsurprise,PCR_CTRL_GPRsurprise,XGB_CTRL_GPRsurprise,Ridge_CTRL_GPRasym,ENet_CTRL_GPRasym,PCR_CTRL_GPRasym,XGB_CTRL_GPRasym,Ridge_CTRL_GPRfull,ENet_CTRL_GPRfull,PCR_CTRL_GPRfull,XGB_CTRL_GPRfull,Ridge_CTRL_GPRexpo,ENet_CTRL_GPRexpo,PCR_CTRL_GPRexpo,XGB_CTRL_GPRexpo,Q5_CTRL,Q10_CTRL,Q25_CTRL,Q50_CTRL,Q75_CTRL,Q90_CTRL,Q95_CTRL,Q5_CTRL_GPRfull,Q10_CTRL_GPRfull,Q25_CTRL_GPRfull,Q50_CTRL_GPRfull,Q75_CTRL_GPRfull,Q90_CTRL_GPRfull,Q95_CTRL_GPRfull,COMB_equal_GPR,COMB_dmsfe_GPR,COMB_equal_CTRL,gpr_state_level,gpr_state_crisis
2020-03-30,-0.2487603001958405,0.0,0.020313200543409453,0.020313200543409453,0.035288684514440546,0.01478449970764877,0.010049320132032205,0.020334059724682184,0.024579523572184438,-0.02832060120999813,0.008533789195625831,0.05242782803097387,-0.011763119594047328,-0.03627295047044754,0.009501769297778937,0.020334059724682184,0.02032257109750906,-0.022727740928530693,0.010070101216996632,0.020334059724682184,0.022684296499355473,-0.03205156326293945,0.0007031032473741247,0.020334059724682184,0.007151113221514915,-0.0503528006374836,-0.056508475161516886,0.020334059724682184,0.025962938516844367,-0.05638327822089195,-0.009990167414348411,0.020334059724682184,-0.02245959910683775,-0.017964789643883705,-0.00876380032443291,0.020334059724682184,0.03555810133571091,-0.03370089828968048,-0.17323540151119232,-0.1411871463060379,-0.054183587431907654,-0.008572672493755817,0.0505322627723217,0.11427348852157593,0.16638225317001343,-0.23320120573043823,-0.07756569236516953,-0.033897727727890015,0.0010864026844501495,0.05343947187066078,0.1536162793636322,0.1761484146118164,-0.002372698342057013,-0.0023726983420570124,0.006660575554725174,4.327134748897282,1.0
2020-04-30,0.0555554212444926,0.0,0.015902159547684043,0.015902159547684043,0.026988552085395627,0.015406436735241412,-0.05721134804531647,0.015528803297529998,0.006415535876111154,-0.09863340109586716,-0.03329440925043307,-0.0029972394681512804,-0.07620226560837731,-0.11007092893123627,-0.06173525709471057,0.015528803297529998,0.00461285862594947,-0.09957758337259293,2.4502581456175773e-05,0.015528803297529998,0.013342282732062232,-0.055249620229005814,0.007018184552545891,0.015528803297529998,0.061633252110153254,-0.08127916604280472,-0.057089382882336365,0.015528803297529998,0.009171183528858994,-0.09482571482658386,0.011313465507877452,0.015528803297529998,0.011393420594219952,-0.03207530453801155,0.0065655088051263,0.015528803297529998,-0.014713092813009756,-0.0451742447912693,-0.25887584686279297,-0.2150290161371231,-0.07034863531589508,-0.01021846104413271,0.07418182492256165,0.08421239256858826,0.1683090776205063,-0.2252182811498642,-0.18121139705181122,-0.05982661247253418,0.03788236901164055,0.08667834848165512,0.1328391432762146,0.17102763056755066,-0.013477995323620632,-0.02120201909201129,-0.03347510249188562,4.416034437302516,1.0
2020-05-30,0.1932048789513478,0.0,0.016541728284729343,0.016541728284729343,0.06912989932498326,0.015474081484213418,-0.1725284377430475,0.01623102466502057,-0.022139938832283098,-0.008137238211929798,-0.1023715125911705,-0.07640765493400249,-0.07139047000983888,-0.04258962720632553,-0.17625561883524699,0.01623102466502057,-0.028846748802086528,-0.0007634522044099867,-0.052872466213833846,0.01623102466502057,-0.04925059232806047,0.020134655758738518,-0.05711975793071393,0.01623102466502057,-0.12059042619129612,-0.04955839738249779,-0.1768058290554748,0.01623102466502057,-0.027327162676116845,-0.05449853464961052,-0.05507864266469415,0.01623102466502057,-0.030673176012095855,-0.02542537823319435,-0.05368041507767831,0.01623102466502057,-0.0762838029189702,-0.06312242895364761,-0.20175421237945557,-0.08289434760808945,-0.03205110505223274,-0.02236909046769142,0.07187394797801971,0.11519556492567062,0.16372241079807281,-0.19999440014362335,-0.1569947600364685,-0.025416547432541847,-0.024348005652427673,0.05930225923657417,0.14849354326725006,0.2071121484041214,-0.04085966776586527,-0.0430060189202809,-0.046643647530559953,4.245122695973156,1.0
2020-06-30,0.1759175254406071,0.0,0.019345905279437574,0.019345905279437574,0.008754508139126314,0.015866517122629892,-0.06408351029720892,0.019282298014784833,-0.022441910348829943,0.041395481675863266,-0.06433139986292756,-0.07256817943832836,0.002440486948861679,0.021379701793193817,-0.06639618622647032,0.019282298014784833,-0.023186027256843288,0.044789016246795654,-0.0028721944296375528,0.019282298014784833,-0.007169522993560887,0.0617968812584877,-0.009286622976287188,0.019282298014784833,0.003664915005956778,0.021426571533083916,-0.0768863834328774,0.019282298014784833,0.026387041224865578,0.046373333781957626,0.0005387795736273571,0.019282298014784833,0.0518272435391125,0.05860944464802742,-0.00995259055083405,0.019282298014784833,0.03196464329250589,0.04124617949128151,-0.25415465235710144,-0.07678509503602982,-0.05463380366563797,-0.0020747685339301825,0.09699234366416931,0.1167631670832634,0.19482159614562988,-0.231004536151886,-0.13233205676078796,-0.051800020039081573,-0.01043790578842163,0.12822383642196655,0.15270914137363434,0.22038088738918304,0.012857012909079176,0.017520275243782062,-0.006461910238847693,4.241346908558689,0.0
2020-07-30,-0.0508523448691247,0.0,0.02179233684445585,0.02179233684445585,-0.014249976331984389,0.016869852314107297,-0.02729624388579697,0.021937132377934362,0.025661741393789395,0.05540403351187706,-0.030640694856337723,-0.003204627885375875,0.014799536074070432,0.06205200403928757,-0.024157020441774854,0.021937132377934362,0.022208893586663753,0.021649478003382683,0.015665697095080672,0.021937132377934362,0.025046270988285844,0.0865074172616005,0.002932443110562389,0.021937132377934362,0.04638407760912028,0.04304632171988487,-0.031471432996973914,0.021937132377934362,0.010648596891316227,0.07124751806259155,0.014337032332157123,0.021937132377934362,0.06726215648157047,0.09109579026699066,0.007381991255419204,0.021937132377934362,0.054881758011660293,0.09004148095846176,-0.17508098483085632,-0.1613989919424057,0.007525572087615728,0.03272801265120506,0.14631488919258118,0.17796586453914642,0.18419207632541656,-0.20127436518669128,-0.16105952858924866,0.015614582225680351,0.02505543641746044,0.16004028916358948,0.1796688288450241,0.2140454798936844,0.031097136019316907,0.03514064970818834,0.018926665849450963,4.271175131454386,0.0
2020-08-30,0.0328846252784456,0.0,0.020674726356554613,0.020674726356554613,-0.004201273293990351,0.01613721779852916,0.05279527138331776,0.020723974423816714,0.044163411676224146,0.05533022806048393,0.042530158962972,0.07032379911399837,0.012984470417124368,0.03954566642642021,0.05527563763804346,0.020723974423816714,0.03330284283670336,0.02961157076060772,0.04376858371519669,0.020723974423816714,0.017405933463171885,0.03940678387880325,0.03238080938089547,0.020723974423816714,0.0520174812414015,0.0561695396900177,0.044989216798399595,0.020723974423816714,0.015722413051660236,0.013515805825591087,0.05498263685678463,0.020723974423816714,0.029708687011577264,0.07039067894220352,0.041617123641399155,0.020723974423816714,0.026813446960150773,0.05298743024468422,-0.15417149662971497,-0.10890209674835205,-0.0009663663222454488,0.008995020762085915,0.10445975512266159,0.1771506369113922,0.18260233104228973,-0.18749801814556122,-0.09837919473648071,-0.019290439784526825,0.00771859847009182,0.0991828516125679,0.14423221349716187,0.20746050775051117,0.03476710285334133,0.03353292906758233,0.04325322138596063,4.227291175259488,0.0
2020-09-30,-0.019383234272571,0.0,0.02085972482506811,0.02085972482506811,0.033040946006310266,0.015073637772586477,-0.007658148103005774,0.020923329355859808,0.005001715351475179,0.03086359240114689,-0.01922144660099345,0.0024851767104795454,0.01699353944893419,0.032600995153188705,-0.005040905160515877,0.020923329355859808,-0.0015376039799307809,0.027291519567370415,0.019298597280025732,0.020923329355859808,-0.005790811703861209,0.0492563471198082,0.008886378482845698,0.020923329355859808,0.0032124366346873226,0.03299598768353462,-0.01856594290282849,0.020923329355859808,0.020096722476435028,0.01508130133152008,0.03477084839924523,0.020923329355859808,0.036261059649731565,0.07029362767934799,0.0183355426559298,0.020923329355859808,0.0259404153510594,0.06587380915880203,-0.1544264853000641,-0.04725325107574463,-0.03103616088628769,-0.0064960625022649765,0.11251527816057205,0.14143620431423187,0.165679469704628,-0.1643482893705368,-0.09939359128475189,-0.014901092275977135,0.007114376872777939,0.08879290521144867,0.11582516133785248,0.19560706615447998,0.021758304410765233,0.023745118416438754,0.012282622251369026,4.173314319668462,0.0
2020-10-30,-0.1315140636072587,0.0,0.020259083644506334,0.020259083644506334,0.018726728015323272,0.014570363103499254,0.03487012388070552,0.020273223490885117,0.03203872988928683,-0.0053994543850421906,0.03322324575249717,0.03949295626332556,0.01383416604393673,0.009824002161622047,0.035641603041063924,0.020273223490885117,0.027843767025827946,-0.015998177230358124,0.038154778968966255,0.020273223490885117,0.009056760823199589,-0.0003914480621460825,0.032949481467897175,0.020273223490885117,0.04953660510821355,0.010176986455917358,0.04582867166064172,0.020273223490885117,0.025189343359543075,-0.0202284287661314,0.05400447831882122,0.020273223490885117,0.04537654973610997,0.0012477461714297533,0.04716773439113467,0.020273223490885117,0.026809928712122778,0.03639686107635498,-0.2245282232761383,-0.1617261916399002,-0.06475656479597092,-0.0077489567920565605,0.07800769805908203,0.1430245041847229,0.1659499555826187,-0.15760347247123718,-0.09668964892625809,-0.044366393238306046,0.00941258855164051,0.08117503672838211,0.1196046844124794,0.16114334762096405,0.02376677430016329,0.02227724454558016,0.020445655718958816,4.419335512753468,0.0
2020-11-30,0.2340798112808073,0.0,0.01802712559668626,0.01802712559668626,0.027104289506670577,0.0112484841218295,0.02104616053086599,0.017863901473454263,0.024685863057009257,-0.04747882857918739,0.028373388433702122,0.05773983779723636,0.003441468886739964,0.0516044907271862,0.021480288338717242,0.017863901473454263,0.018873019220102396,-0.05335906147956848,0.018372442028533453,0.017863901473454263,0.0030242736793358524,-0.026509420946240425,0.01112213632339468,0.017863901473454263,0.025875653211598702,-0.04765138030052185,0.013621351571688178,0.017863901473454263,0.02512350204027705,-0.06543814390897751,0.01800956259680652,0.017863901473454263,0.02116237357719994,-0.020117344334721565,0.013929684654112798,0.017863901473454263,0.01926186379850636,-0.04270508512854576,-0.2346753031015396,-0.13980410993099213,-0.13017471134662628,-0.011619736440479755,0.0679393857717514,0.1648227572441101,0.16618995368480682,-0.1773756742477417,-0.1316821426153183,-0.1285804659128189,-0.011090265586972237,0.07428877800703049,0.12898485362529755,0.15650667250156403,0.002552463490934298,0.0009786047671734369,0.004029274120535529,4.340038835949718,0.0
2020-12-30,0.0746685888467508,0.0,0.02115832393993439,0.02115832393993439,0.043297051259108335,0.01228826028041767,0.04912695543498012,0.02124227506419415,0.019395277768677718,0.12761354446411133,0.05934328118739718,0.04216053254348184,0.01464700038077717,0.0976700410246849,0.050809373479141336,0.02124227506419415,0.011849373562770651,0.13772252202033997,0.038728318785460944,0.02124227506419415,0.013911699235147654,0.14869533479213715,0.03403924727998489,0.02124227506419415,0.01940803428923398,0.13684587180614471,0.04241461349849735,0.02124227506419415,0.02989391756825771,0.119928278028965,0.03700904178534143,0.02124227506419415,0.03554138277337092,0.1383509337902069,0.03919275742558969,0.02124227506419415,0.02948151090216205,0.1500648707151413,-0.14890915155410767,-0.09362015128135681,-0.02647404372692108,0.05812857672572136,0.1933731734752655,0.27798551321029663,0.3218432664871216,-0.1830514669418335,-0.10460331290960312,-0.027890043333172798,0.06526506692171097,0.19103401899337769,0.28097018599510193,0.3068300783634186,0.0558891971717941,0.05330586552019036,0.05434451318299083,4.253694453809477,0.0
2021-01-30,0.1541506798272585,0.0,0.021922756295746054,0.021922756295746054,-0.019242935920608346,0.011940131519772912,-0.05431665558730367,0.022064218353156563,-0.040738948162410644,-0.018089659512043,-0.08764903620758968,-0.09177035998468905,0.03161493996616733,0.01821584813296795,-0.05072753959101346,0.022064218353156563,-0.04156120621417935,-0.019952761009335518,-0.005437052769238154,0.022064218353156563,-0.019038634874394646,0.020874204114079475,-0.0136424178730634,0.022064218353156563,-0.04874825328723897,-0.02299582213163376,-0.07419420061454578,0.022064218353156563,0.023531965940048815,-0.03886397182941437,0.005144578500565759,0.022064218353156563,0.04194627614525996,0.04604274407029152,-0.008133320019594333,0.022064218353156563,0.03645490509508242,0.05593143031001091,-0.19144584238529205,-0.11401986330747604,-0.08190080523490906,0.06496015936136246,0.14786431193351746,0.259387731552124,0.28129035234451294,-0.22307243943214417,-0.15877071022987366,-0.06227939575910568,0.0881526917219162,0.12571759521961212,0.24687881767749786,0.2760613262653351,0.0007923430866927716,0.0032518620376352893,-0.022770261227150188,4.131786461495051,0.0
2021-03-02,0.0239116676073001,0.0,0.023785121415908203,0.023785121415908203,0.012610789979926823,0.012315386362510778,-0.0715414132750713,0.02406552837549144,-0.04834327723172298,-0.055205088108778,-0.09507766571058493,-0.10008752392411593,0.051702633567982464,0.05110762268304825,-0.07150916050354937,0.02406552837549144,-0.040117523480325844,-0.057977817952632904,-0.009146231411847307,0.02406552837549144,-0.027969502209521935,-0.05934900417923927,-0.014579444938238335,0.02406552837549144,-0.08690855850240778,-0.054738208651542664,-0.05488545338627315,0.02406552837549144,0.052344159625380915,-0.040064822882413864,0.0053743983644507914,0.02406552837549144,0.05275799170715525,-0.01975369267165661,0.021611027548436895,0.02406552837549144,0.04461501242341398,0.005826533772051334,-0.2755165994167328,-0.1761302798986435,-0.15033899247646332,0.04631457477807999,0.12973196804523468,0.21757173538208008,0.22663189470767975,-0.2142547369003296,-0.17069904506206512,-0.15524326264858246,0.06631944328546524,0.1461564302444458,0.25470826029777527,0.28388547897338867,-0.008753213628158804,-0.0038900960782205425,-0.03775606256002021,4.317247511736419,0.0
2021-03-30,0.0840216479728019,0.0,0.02378687900189975,0.02378687900189975,0.0015157373696157786,0.012308621220602549,0.06044886539020477,0.02406323194611545,0.03236323360844823,0.08660098165273666,0.06725807867497349,0.07827899717036915,0.008553922584946328,0.10816115140914917,0.06656547249597723,0.02406323194611545,0.02771231070996645,0.06490375101566315,0.0542068134723695,0.02406323194611545,0.041020268619407295,0.05935249850153923,0.04056897558629774,0.02406323194611545,0.0430445602558067,0.05931529402732849,0.06642012067952925,0.02406323194611545,0.037507017174422744,0.08431775122880936,0.056370744090083996,0.02406323194611545,0.037417883177295344,0.08976323902606964,0.051171645593837065,0.02406323194611545,0.03359407122648098,0.08628766238689423,-0.20298460125923157,-0.13637425005435944,-0.12657642364501953,0.07060375064611435,0.167481929063797,0.20790579915046692,0.21590401232242584,-0.15283210575580597,-0.13146618008613586,-0.12133476883172989,0.07106564939022064,0.119540736079216,0.24513842165470123,0.2576427757740021,0.04766331128935295,0.04551479022186582,0.05086907814937627,4.281164014364001,0.0
2021-04-30,0.1413551800791799,0.0,0.02461201282341896,0.02461201282341896,0.023717492512242585,0.012289836669927404,0.024462047485450725,0.024944973358272605,0.006160667181964539,0.02677672542631626,0.03883160938136963,0.024944973358272605,0.024216911364422493,0.06586509197950363,0.026306228784918756,0.024944973358272605,0.023918765233426953,0.012865433469414711,0.033219214294606926,0.024944973358272605,0.0408093168310296,0.017548954114317894,0.027046971403905065,0.024944973358272605,0.03827185079555412,0.028756901621818542,0.033345930524941926,0.024944973358272605,0.030504205012599084,0.03020043484866619,0.041593718273203836,0.024944973358272605,0.04773028539974264,0.014452851377427578,0.058214319117341776,0.024944973358272605,0.05086997085149932,0.04386958107352257,-0.1431475430727005,-0.10982386767864227,-0.031126251444220543,0.007226227317005396,0.0803435742855072,0.18841876089572906,0.1977265179157257,-0.16277185082435608,-0.07121723890304565,-0.013190952129662037,0.012620514258742332,0.07544516772031784,0.17160730063915253,0.19545701146125793,0.03121644888239888,0.031060643944494714,0.020586103363001033,4.350960976841679,0.0
2021-05-30,0.0232522001161363,0.0,0.026189623191740053,0.026189623191740053,0.014559769619958083,0.012864770250554254,0.02760983166660224,0.026632077803503146,0.019156703974363243,-0.07097441703081131,0.05255585320416191,0.026632077803503146,0.03949850191058868,0.056452516466379166,0.02849505930830508,0.026632077803503146,0.025656495886248062,-0.06497812271118164,0.03417341050338581,0.026632077803503146,0.03607862271047548,-0.022696081548929214,0.02779908468800888,0.026632077803503146,0.02820230873329166,-0.05206301435828209,0.03580258353972138,0.026632077803503146,0.026940554225170485,-0.057401809841394424,0.037268499690450554,0.026632077803503146,0.04547737274172878,-0.01739921048283577,0.04251114216527384,0.026632077803503146,0.05457831610552903,-0.00387766445055604,-0.21870660781860352,-0.1545328050851822,-0.1150464192032814,-0.0003408095508348197,0.11861070245504379,0.16449034214019775,0.1970093697309494,-0.15596307814121246,-0.13340416550636292,-0.09768106043338776,0.009948432445526123,0.11539218574762344,0.12349890917539597,0.17402955889701843,0.015181667238559531,0.01672850286002077,0.00060604910341433,4.438320013208932,0.0
2021-06-30,0.1349173942323993,0.0,0.026150457550732004,0.026150457550732004,0.007344244208967652,0.012716276577494722,0.02140738339317874,0.026583793836540765,0.0188041183789018,-0.03787617012858391,0.02911327637423223,0.026583793836540765,0.0337793661455981,0.01565392315387726,0.021204195677524025,0.026583793836540765,0.023685343428190436,-0.042860884219408035,0.022796381708307584,0.026583793836540765,0.031153357243712432,-0.04684778302907944,0.019903004502467243,0.026583793836540765,0.02445337703489799,-0.020308801904320717,0.027499614796578704,0.026583793836540765,0.022487402774453852,-0.03508995845913887,0.03000987423884831,0.026583793836540765,0.04408507858424494,-0.01532768551260233,0.027860180683654426,0.026583793836540765,0.05009518417682522,0.0013618464581668377,-0.27373164892196655,-0.2372710406780243,-0.043672170490026474,0.0011711596744135022,0.09391123056411743,0.15571229159832,0.19028843939304352,-0.2334548830986023,-0.16182126104831696,-0.018923796713352203,0.020346175879240036,0.10353536903858185,0.12467887997627258,0.17589648067951202,0.014402603800106967,0.015949169811771753,0.007229781370009347,4.500115867070288,0.0
2021-07-30,-0.0730697301500922,0.0,0.02758160145443815,0.02758160145443815,0.026570066534217476,0.013056801022864039,0.0408845253041396,0.028109619194228913,0.022800117847612114,0.008729235269129276,0.045005167693353665,0.028109619194228913,0.035077071114153854,0.049548327922821045,0.04358910333355241,0.028109619194228913,0.03262077846926148,0.002780911047011614,0.042080149696309244,0.028109619194228913,0.04163298974207063,0.03098381869494915,0.036733007784668634,0.028109619194228913,0.030878277566317777,0.0006503047770820558,0.036169098534645984,0.028109619194228913,0.03600410572766869,-0.012330777011811733,0.04276963230625239,0.028109619194228913,0.04215123887033148,0.00592689448967576,0.06001598769842646,0.028109619194228913,0.06044799149692219,-0.011924710124731064,-0.18246926367282867,-0.13593289256095886,-0.04941467195749283,0.08233406394720078,0.11940614879131317,0.16627319157123566,0.20487840473651886,-0.15922953188419342,-0.11206697672605515,-0.017363090068101883,0.0730251595377922,0.10084164142608643,0.22648276388645172,0.2323051542043686,0.028743188260999027,0.030024754568388892,0.025130874403777478,4.299062729035776,0.0
2021-08-30,0.1379220005396733,0.0,0.026274441303729964,0.026274441303729964,0.010131264416913182,0.013246576524383566,0.05118119517709078,0.026704350453335562,0.015933762154262558,0.08107645064592361,0.04889589855607712,0.026704350453335562,0.031374072084952895,0.06989701092243195,0.05654180724137875,0.026704350453335562,0.029610882595292758,0.06386546045541763,0.06163224452113118,0.026704350453335562,0.03866911798121282,0.0395275242626667,0.053810178350892524,0.026704350453335562,0.02865010351741927,0.028334539383649826,0.03512036266371514,0.026704350453335562,0.03582911686049445,0.04241345077753067,0.05265375668954371,0.026704350453335562,0.04868432328970405,0.026690011844038963,0.07065293657455168,0.026704350453335562,0.06168790824329454,0.014925592578947544,-0.17579694092273712,-0.12246397882699966,-0.056481558829545975,0.07770291715860367,0.10577674210071564,0.16188538074493408,0.19852478802204132,-0.17798419296741486,-0.10324221849441528,-0.05425101891160011,0.06594568490982056,0.09719118475914001,0.22564339637756348,0.24013198912143707,0.03956355918962065,0.039023300741728315,0.043723939607653126,4.042944858673505,0.0
2021-09-30,0.0132174715974349,0.0,0.02770582026829334,0.02770582026829334,0.04291799323481569,0.012921932608293232,0.03637181779189758,0.028227879906573064,0.029136431888900163,0.030135029926896095,0.027187444105522804,0.028227879906573064,0.03462448873600218,0.011517388746142387,0.03633794024550931,0.028227879906573064,0.027488585049879468,0.007906559854745865,0.053530475990752543,0.028227879906573064,0.03721249486254935,0.03149879351258278,0.051054582708742,0.028227879906573064,0.03786185111562894,0.023647859692573547,0.03823405015547143,0.028227879906573064,0.010433338073678564,0.030520819127559662,0.06531245707860245,0.028227879906573064,0.07167975947744122,0.035929761826992035,0.0694216112659017,0.028227879906573064,0.05350884127660974,0.06321562826633453,-0.17341367900371552,-0.1437428891658783,-0.06356805562973022,0.015892410650849342,0.13002832233905792,0.1564895212650299,0.20156258344650269,-0.1506141871213913,-0.11198679357767105,-0.053144797682762146,0.04065379872918129,0.13646845519542694,0.17143195867538452,0.19654706120491028,0.038090112042541396,0.03857807600702913,0.03096778987856673,4.4767648676107,1.0
2021-10-30,-0.0445318298273713,0.0,0.027522423449674878,0.027522423449674878,0.008445313118047741,0.011711760792394705,0.046359396188208314,0.02802503655104417,0.04976296963427207,0.08073248714208603,0.04127093847847456,0.02802503655104417,0.02645191957495744,0.0857478603720665,0.04782714647476939,0.02802503655104417,0.047704646861910116,0.07706502079963684,0.0484031496173289,0.02802503655104417,0.052238182016138834,0.08874047547578812,0.033560879865958015,0.02802503655104417,0.045915582907579744,0.074116051197052,0.044314966942769776,0.02802503655104417,0.03474140104708924,0.09494058042764664,0.03420031596106385,0.02802503655104417,0.04332175383366048,0.08694270998239517,0.0340520639234836,0.02802503655104417,0.04990791966190303,0.08646350353956223,-0.1628657579421997,-0.10744603723287582,-0.043934546411037445,0.08595717698335648,0.12332337349653244,0.1646294742822647,0.20223921537399292,-0.1487613171339035,-0.07986660301685333,0.007332314271479845,0.07556693255901337,0.1357390433549881,0.18111974000930786,0.2007812112569809,0.049691940410083374,0.048038810211616774,0.05121997237890265,4.370570277235481,1.0
2021-11-30,0.2750460690946958,0.0,0.026621745283711806,0.026621745283711806,0.029956069554738955,0.01189782550820301,0.026433193865252953,0.02705761166599863,0.04331966437561834,0.025716770440340042,0.01872360699015719,0.02705761166599863,0.0303889825018434,0.013195430859923363,0.02773662427906269,0.02705761166599863,0.042610553981855176,0.013797336257994175,0.029426756945125195,0.02705761166599863,0.041159196198741595,0.017107846215367317,0.029233823851394586,0.02705761166599863,0.05117605151779819,0.03921366482973099,0.0277081925636671,0.02705761166599863,0.026580529968162715,0.026851698756217957,0.02976595015418829,0.02705761166599863,0.05440373517068961,0.028555264696478844,0.024813655612223047,0.02705761166599863,0.05846855199930026,0.04379654303193092,-0.1607980728149414,-0.09885562211275101,-0.023687083274126053,0.005705830175429583,0.08208955824375153,0.15310023725032806,0.18614742159843445,-0.14782769978046417,-0.08610603213310242,-0.023082522675395012,0.011574729345738888,0.07600660622119904,0.16696609556674957,0.19070595502853394,0.032281318584413354,0.03237084029191231,0.03063181008680249,4.3568290549964965,1.0
2021-12-30,0.025238328732307,0.0,0.02968871224434124,0.02968871224434124,0.03889229413348296,0.014112755721571382,0.060531859243819264,0.03032061768479728,0.060655366684905745,0.09846773743629456,0.05259779302023937,0.03032061768479728,0.05439796724476076,0.058014411479234695,0.060193578994419544,0.03032061768479728,0.05395854588351105,0.10302315652370453,0.06261926485843153,0.03032061768479728,0.04603034418791313,0.07941213995218277,0.06181757902990869,0.03032061768479728,0.07222396708095163,0.08376523107290268,0.06585778942090803,0.03032061768479728,0.060574897105055564,0.10522812604904175,0.07458707611390106,0.03032061768479728,0.06929966946470406,0.08651464432477951,0.04335265538859845,0.03032061768479728,0.07191885990121412,0.005198300816118717,-0.1463949829339981,-0.06989378482103348,-0.005408074706792831,0.02425963245332241,0.13603533804416656,0.2272326648235321,0.23652653396129608,-0.1330232471227646,-0.06400839239358902,-0.010075348429381847,0.06988729536533356,0.13309578597545624,0.22930344939231873,0.2422073781490326,0.05781248051154294,0.05660052544612297,0.06249389526245421,4.445141748435554,1.0
2022-01-30,0.1789059347805199,0.0,0.029634439274682286,0.029634439274682286,-0.015542744492979273,0.013960912750291076,-0.024970132763842048,0.030254613932167534,0.03007669103101808,-0.028254589065909386,-0.0355962503337664,0.030254613932167534,0.02064533642609801,-0.03849927335977554,-0.02722778893576174,0.030254613932167534,0.031405538300105756,-0.040217719972133636,-0.027124686800532122,0.030254613932167534,0.039514276714071726,-0.004912715405225754,-0.026242566640058588,0.030254613932167534,0.028923210417072957,-0.0528184212744236,-0.02255182386694575,0.030254613932167534,0.03144567865559652,-0.03468141332268715,-0.013287188018121676,0.030254613932167534,0.05280480404502358,-0.014622929506003857,-0.039434388708140464,0.030254613932167534,0.045373702202562496,-0.09291288256645203,-0.31871432065963745,-0.19266590476036072,-0.038964807987213135,0.024353275075554848,0.06044859439134598,0.1549382209777832,0.2090122550725937,-0.21992023289203644,-0.15293334424495697,-0.027551881968975067,0.030828071758151054,0.08054107427597046,0.16986270248889923,0.19165928661823273,0.0006233487046229946,0.003182204087389541,0.001776645783358545,4.605949125512934,0.0
2022-03-02,-0.393100190137214,0.0,0.03143289102776467,0.03143289102776467,0.030358476169651132,0.014203820201972353,0.02327796786760046,0.03216040009689,0.03542523803305267,0.0022619033697992563,-0.003802757246403138,0.03216040009689,0.043856709569448815,-0.002097919350489974,0.017084827051190285,0.03216040009689,0.02511675630373459,0.03232389688491821,0.011874177080963146,0.03216040009689,0.022852220179594276,0.025343487039208412,0.02010785816790287,0.03216040009689,0.0449772581887201,0.009008442051708698,0.023748019420390305,0.03216040009689,0.042666463240281685,0.013777860440313816,0.02444272767898047,0.03216040009689,0.04800837014720895,0.03476191684603691,0.008110127161139798,0.03216040009689,0.04875856789124021,-0.03911710903048515,-0.21866510808467865,-0.06114255636930466,-0.01797650381922722,0.014969957992434502,0.13527604937553406,0.16422028839588165,0.19775798916816711,-0.2124558836221695,-0.10201790928840637,-0.002009372692555189,0.01936396397650242,0.16182318329811096,0.1651475429534912,0.18960890173912048,0.025283677805182817,0.02700605114434425,0.023281377341835597,4.868396488135146,1.0
2022-03-30,0.1870466789241982,0.0,0.026378925775800637,0.026378925775800637,0.0051046199670814335,0.022207964097071237,0.0493391774913651,0.026777354650888686,0.03520331074492565,0.13548366725444794,0.025978973248707068,0.026777354650888686,0.007439245061039632,0.08467976003885269,0.022702651592332472,0.026777354650888686,0.025743811986618226,0.08305277675390244,0.009678557862855295,0.026777354650888686,0.016540920033220243,0.038166191428899765,0.03413340105953271,0.026777354650888686,0.03314671289754064,0.07572288066148758,0.015106994956051365,0.026777354650888686,-0.02931768568389142,0.12202491611242294,-0.00612123205246266,0.026777354650888686,0.015393306708668583,0.02770853415131569,-0.021634787585300908,0.026777354650888686,-0.024675260288617617,-0.08698675036430359,-0.16770553588867188,-0.12245525419712067,0.017307039350271225,0.13740137219429016,0.17923611402511597,0.27845001220703125,0.2829791307449341,-0.31410619616508484,-0.2845962941646576,0.008345014415681362,0.1064707413315773,0.13898806273937225,0.18268334865570068,0.274654746055603,0.021293752838983496,0.020297048492211207,0.061700877535406845,5.362211502702909,1.0
2022-04-30,0.0731884151150872,0.0,0.02826913463637002,0.02826913463637002,0.11636810676648178,0.01924885789531729,0.059226800653038106,0.028780721204305054,0.053101917532880044,0.13349385559558868,0.04910460262783947,0.028780721204305054,0.016102365748184407,0.13753482699394226,0.04045115804615971,0.028780721204305054,0.0354728681454131,0.11414425075054169,0.013466355435711272,0.028780721204305054,0.015856841351672528,0.11263014376163483,0.03890006414926793,0.028780721204305054,0.04861016172726891,0.09994795173406601,0.04840306166859529,0.028780721204305054,0.04834892367254508,0.12488805502653122,0.0024506710710068096,0.028780721204305054,0.015136692041970087,0.11811361461877823,0.012626552988079024,0.028780721204305054,-0.0014223434634431514,0.04251214861869812,-0.16154085099697113,-0.09538411349058151,0.04888167604804039,0.16638457775115967,0.1797134131193161,0.1807323694229126,0.23347169160842896,-0.23022113740444183,-0.18525539338588715,0.025289492681622505,0.18402008712291718,0.19022375345230103,0.19250334799289703,0.23751333355903625,0.04596756244043029,0.04536779516594616,0.06865082374645297,5.726817474858699,1.0
2022-05-30,0.0282531050180194,0.0,0.028791451851238825,0.028791451851238825,-0.008514097533468157,0.019255180353906973,0.053031639904546624,0.02932896433900607,0.028454249305698266,0.07483850419521332,0.037066096218074406,0.02932896433900607,0.023508621469717564,0.08216983824968338,0.045740221034696674,0.02932896433900607,0.025230027230725066,0.06921067088842392,0.013679982636765377,0.02932896433900607,0.0009320760846146942,0.06232094764709473,0.029805953248033402,0.02932896433900607,0.04257126460369616,0.013572254218161106,0.0403990038381808,0.02932896433900607,0.049304525101070196,0.0501510351896286,-0.007241899104139821,0.02932896433900607,0.002602443707969509,0.04786071553826332,-0.005458451687004314,0.02932896433900607,0.0408755901617389,-0.05006762966513634,-0.1599530130624771,-0.1216423362493515,0.03065703809261322,0.04362497106194496,0.15740294754505157,0.22381514310836792,0.2401406615972519,-0.3103058636188507,-0.16970624029636383,0.032091885805130005,0.05667794123291969,0.13489209115505219,0.2166154682636261,0.2252809852361679,0.026977604862784096,0.027021402016825583,0.04641333943611607,5.239972464376511,1.0
2022-06-30,-0.0149611372831577,0.0,0.028785263956604117,0.028785263956604117,0.01877851436950215,0.018516623683874123,0.024189803169051952,0.02931584410338428,0.03786179033994545,-0.01742338202893734,0.018095571146626466,0.02931584410338428,0.02088445562843084,-0.013800341635942459,0.020453780865206713,0.02931584410338428,0.03612954465251886,-0.04277944564819336,0.007698149883885605,0.02931584410338428,0.02491443364002855,-0.08729146420955658,0.030352121053133663,0.02931584410338428,0.034255600332426174,-0.0011990636121481657,0.017065073025655797,0.02931584410338428,0.050434184803411414,-0.027591392397880554,0.00922889546659587,0.02931584410338428,0.006709264999701817,-0.05092950537800789,0.0014975190504855143,0.02931584410338428,0.02502972252810116,-0.030847180634737015,-0.1581062227487564,-0.10960490256547928,-0.024789463728666306,0.0412352979183197,0.09151200950145721,0.1556418091058731,0.18013039231300354,-0.23175649344921112,-0.11952374130487442,-0.01431791391223669,0.005676222965121269,0.10378270596265793,0.1601807028055191,0.17496450245380402,0.008292720960038885,0.009109288232746576,0.018486013895861086,4.928284427471898,1.0
2022-07-30,-0.0096278775885725,0.0,0.028288145760697728,0.028288145760697728,0.0288383200972405,0.0180252502715222,0.03824342797222943,0.028782386496317508,0.023185676288711293,0.11391685903072357,0.04161029389368248,0.028782386496317508,0.023461817190827072,0.13567514717578888,0.03569847458539464,0.028782386496317508,0.019700519012662294,0.1041153222322464,0.029238739410923968,0.028782386496317508,0.007554440183210796,0.09377175569534302,0.043749050879164725,0.028782386496317508,0.022746189450538665,0.14226578176021576,0.04099540982527668,0.028782386496317508,0.03443355990736921,0.11204686015844345,0.033940790723789964,0.028782386496317508,0.023669073562222413,0.14521273970603943,0.01950019807551967,0.028782386496317508,0.023445376759858742,0.009744220413267612,-0.3725634813308716,-0.14944246411323547,0.03482238948345184,0.07215230166912079,0.16653208434581757,0.17403477430343628,0.2240733802318573,-0.26296675205230713,-0.22472251951694489,0.019964592531323433,0.08976496011018753,0.15052436292171478,0.18699759244918823,0.2175176739692688,0.046438450888308024,0.04603410297322977,0.05103208744699545,4.850533352631761,1.0
2022-08-30,-0.0845261584682415,0.0,0.027862123026436265,0.027862123026436265,0.03790020021422108,0.017761725416336173,0.031535025075696624,0.028325121447687868,0.04723971314792186,0.02994905784726143,0.039654327707485955,0.028325121447687868,0.017390510914210372,0.04898522049188614,0.029781219410987235,0.028325121447687868,0.0449449704087275,-0.0006503049517050385,0.02356203106846695,0.028325121447687868,0.0354714735050848,-0.011060135439038277,0.030894343126936615,0.028325121447687868,0.047096638255504614,0.012592678889632225,0.030252224286558466,0.028325121447687868,0.04452348472452357,0.003345954231917858,0.022027123562556122,0.028325121447687868,0.025632764400839343,0.025394435971975327,0.007493693656965918,0.028325121447687868,0.02008614207284892,-0.0038479778449982405,-0.15801352262496948,-0.0775580033659935,0.01183291058987379,0.028477178886532784,0.06959357857704163,0.17451322078704834,0.1981830894947052,-0.158348947763443,-0.08934469521045685,-0.0034204479306936264,-0.0004679427947849035,0.10006538778543472,0.17908594012260437,0.18385422229766846,0.023228812000996298,0.023738947215461784,0.03426222937964195,4.735349418315609,1.0
2022-09-30,-0.1546429480163418,0.0,0.02661336434316207,0.02661336434316207,0.03614452786638965,0.01845349701126171,0.026515087305534122,0.026997459331029875,0.02624405561306375,-0.009405179880559444,0.031624773980754216,0.026997459331029875,0.020546946153107752,0.0185940433293581,0.02291152870239654,0.026997459331029875,0.024685094995769336,-0.04657013341784477,0.019710401601800265,0.026997459331029875,0.01666256766801031,-0.02968178689479828,0.030343399366716737,0.026997459331029875,0.026007138461134262,-0.013074795715510845,0.023816474631985933,0.026997459331029875,0.030190624823054707,-0.03811650350689888,0.02289846479644619,0.026997459331029875,0.021549192495118386,-0.02517833560705185,0.007487502647830522,0.026997459331029875,0.00610953483926973,-0.0809788927435875,-0.15599995851516724,-0.14500518143177032,-0.04498172923922539,-0.002193730790168047,0.060961753129959106,0.19854114949703217,0.22220054268836975,-0.15655995905399323,-0.12936298549175262,-0.048949629068374634,0.0003846104664262384,0.08575461059808731,0.16735516488552094,0.1824486404657364,0.0075315097137508375,0.00847909600795139,0.017587855592267075,4.877362962619557,1.0
2022-10-30,0.1348043719420317,0.0,0.02462153673481587,0.02462153673481587,0.05101497488277565,0.019880837014760715,0.03266172707259535,0.024885361571176715,0.05950161359896959,0.001541196834295988,0.03634189806680482,0.024885361571176715,0.013676656050790879,-0.011275316588580608,0.02833382834397191,0.024885361571176715,0.05796515189228775,-0.01742895320057869,0.02096771622819806,0.024885361571176715,0.04346396942899321,-0.05712084472179413,0.02766570741486848,0.024885361571176715,0.059095675287629434,0.017568577080965042,0.03753667017796098,0.024885361571176715,0.037140266741279404,0.022447440773248672,0.020513455991762637,0.024885361571176715,0.02063667065833112,-0.03201097995042801,-0.003959983954773941,0.024885361571176715,0.0004643030130288897,-0.02082451805472374,-0.20019438862800598,-0.11970818042755127,-0.06839831918478012,0.020481780171394348,0.08676514774560928,0.18426983058452606,0.19426298141479492,-0.18896690011024475,-0.09926370531320572,-0.06412095576524734,-0.009116120636463165,0.08258257806301117,0.14243453741073608,0.16944703459739685,0.017156930107386975,0.017015205732531007,0.02964747476925941,4.852432123111795,1.0
2022-11-30,0.1416505170630264,0.0,0.025819176247937784,0.025819176247937784,0.061785038274588824,0.01897750267621715,0.04325481630948713,0.02614879847199114,0.04389999592245421,0.05797753855586052,0.04879730410793247,0.02614879847199114,0.023680333473325245,0.03611934557557106,0.03873289087200211,0.02614879847199114,0.04231552879390016,0.03369519114494324,0.03326011245086713,0.02614879847199114,0.033157950279052315,0.05030221492052078,0.04326036720608069,0.02614879847199114,0.039399549224574976,0.0617532804608345,0.05173755632838935,0.02614879847199114,0.0393663692344806,0.0749540776014328,0.041181964481762846,0.02614879847199114,0.019468880144572546,0.05091524496674538,0.022394353461402363,0.02614879847199114,0.004731916760917637,0.04452049732208252,-0.15325605869293213,-0.07278409600257874,-0.006456184200942516,0.06513725221157074,0.12402347475290298,0.15652313828468323,0.17530465126037598,-0.1476391851902008,-0.06548894941806793,-0.016931191086769104,0.011156322434544563,0.08295102417469025,0.11885712295770645,0.16677528619766235,0.036751697353604534,0.03662716802410396,0.04282028731494825,4.934044645506477,1.0
2022-12-30,-0.1026111476674831,0.0,0.02706467453627207,0.02706467453627207,0.00237980182838482,0.01788457155185542,0.03616884546302558,0.02746131800143472,0.040268269340687404,-0.037198714911937714,0.03129580290691093,0.02746131800143472,0.024864004020767067,-0.023757999762892723,0.034693796445910544,0.02746131800143472,0.04027575652823609,-0.045662231743335724,0.027009611212022753,0.02746131800143472,0.03569143055312163,-0.07978013902902603,0.02975010033713423,0.02746131800143472,0.035760808369342624,-0.02365514263510704,0.040040460460379075,0.02746131800143472,0.045314011413644356,-0.006184064783155918,0.024810410393702492,0.02746131800143472,0.010785453003224307,-0.0788113996386528,0.008517919989540303,0.02746131800143472,0.008868416209104436,-0.08094237744808197,-0.16191953420639038,-0.13266824185848236,-0.04332737624645233,-0.004019787069410086,0.10146253556013107,0.14917045831680298,0.1747780591249466,-0.17449726164340973,-0.14903438091278076,-0.04430033266544342,-0.00463157007470727,0.0642089769244194,0.13726691901683807,0.16799010336399078,0.00796878031860882,0.008653800403383724,0.016674929473302496,4.735480894078998,0.0
2023-01-30,0.1352616329303426,0.0,0.025685144512827867,0.025685144512827867,0.0033564013427542817,0.01868710781968629,-0.010686389172025294,0.02599982962313227,0.006163572540506319,-0.09633561223745346,-0.024945610258001946,0.02599982962313227,0.029419480291126787,-0.08858983963727951,-0.012593015929145343,0.02599982962313227,0.007704106623849648,-0.0863925963640213,-0.018882155546222645,0.02599982962313227,0.008841483003478867,-0.11011216044425964,-0.00748606149639737,0.02599982962313227,0.007545631757493763,-0.07972774654626846,-0.0036954756937078066,0.02599982962313227,0.006308817474828778,-0.07858560234308243,-0.020159550311928696,0.02599982962313227,0.02314749249601345,-0.060853805392980576,-0.0289038262237882,0.02599982962313227,0.017128162327586193,-0.10614674538373947,-0.36213189363479614,-0.22380688786506653,-0.10695885866880417,0.002971930429339409,0.08448672294616699,0.1663815826177597,0.1738763451576233,-0.2536971867084503,-0.13572770357131958,-0.06738641113042831,-0.015469290316104889,0.05732161924242973,0.12809430062770844,0.16655413806438446,-0.0161193362605624,-0.017019517565334603,-0.01871464981146004,4.688853787970704,0.0
2023-03-02,-0.0180945159921623,0.0,0.02683858123301223,0.02683858123301223,0.052943598151299634,0.018516412380382572,0.030824648125146587,0.027213849659879052,0.019801080931794876,0.08917517215013504,0.013411949060039771,0.027213849659879052,0.026776504995102316,0.04140684753656387,0.030345614254325005,0.027213849659879052,0.01993084024288443,0.0908394604921341,0.027560012013674768,0.027213849659879052,0.015183205172699842,0.12234491109848022,0.03091056584550496,0.027213849659879052,0.023660765531540805,0.09905318915843964,0.03531492045033281,0.027213849659879052,0.01632263573814743,0.10256713628768921,0.025592260637800634,0.027213849659879052,0.023715699945739147,0.11497664451599121,0.017567746682910224,0.027213849659879052,0.017107290702250092,0.07309135049581528,-0.2533007264137268,-0.12250200659036636,-0.010087729431688786,0.07743102312088013,0.12753728032112122,0.15304026007652283,0.2363099306821823,-0.19120176136493683,-0.14870987832546234,-0.00417907303199172,0.06868046522140503,0.1395341008901596,0.1730111986398697,0.20980966091156006,0.043723639467734755,0.04208513382285139,0.04175368771673889,4.607417253482221,0.0
2023-03-30,0.0274020017434093,0.0,0.026370528136916663,0.026370528136916663,0.003106823147135923,0.018628737015300108,0.019308203958929345,0.026715955531834642,0.039748080182772746,-0.036215584725141525,-0.02080870343008807,0.026715955531834642,0.018206835613341868,-0.011478647589683533,0.017275313604983793,0.026715955531834642,0.038908986842803306,-0.04353947192430496,0.017954108331468564,0.026715955531834642,0.03388376271573476,-0.022294895723462105,0.023617866975265335,0.026715955531834642,0.034618563842825814,-0.03241918981075287,0.024800328837769964,0.026715955531834642,0.03551189633515082,-0.012988411821424961,0.0242802487609037,0.026715955531834642,0.02604571413396943,-0.013728052377700806,0.011764515510803741,0.026715955531834642,0.009043552139253917,0.005893746390938759,-0.1609087437391281,-0.14093060791492462,-0.06980443000793457,-0.0021133015397936106,0.0871158242225647,0.15861421823501587,0.17423304915428162,-0.1575939804315567,-0.1373010277748108,-0.055108316242694855,0.020140914246439934,0.09619288146495819,0.14452466368675232,0.16722553968429565,0.014121846498134754,0.015674790890312387,0.0123891637370988,4.77728241462542,0.0
2023-04-30,-0.0768869294410512,0.0,0.026381161885437206,0.026381161885437206,0.03607979452486663,0.018521301589135036,-0.010552032714435191,0.026723412555873495,0.04533717741109525,-0.013392401859164238,-0.03437786313197773,0.026723412555873495,0.026219636776760265,-0.0021420628763735294,-0.01143985410363662,0.026723412555873495,0.046688838064761394,0.0004692163784056902,-0.017291040965725146,0.026723412555873495,0.04675339755135394,-0.015168423764407635,-0.019111301127694023,0.026723412555873495,0.042236883275525126,-0.004776779096573591,-0.011552306105562581,0.026723412555873495,0.038301412077419245,-0.00189365039113909,-0.025293626628490787,0.026723412555873495,0.022139417746244155,0.003552903886884451,-0.01787542975431607,0.026723412555873495,0.01694046127170839,0.019605502486228943,-0.15929479897022247,-0.13308823108673096,-0.05168730393052101,-0.005688011180609465,0.08716249465942383,0.12729719281196594,0.17324058711528778,-0.15591676533222198,-0.12919016182422638,-0.04427432641386986,0.022754590958356857,0.09545902162790298,0.13460871577262878,0.16643714904785156,0.011359420672342782,0.012444133404941004,0.01202903884834233,4.627768582236902,0.0
2023-05-30,-0.0788271880853681,0.0,0.025327405851493446,0.025327405851493446,0.02610452835883197,0.018430030696217962,0.00860743866692152,0.025609322856981833,0.032116913844548414,-0.03798986226320267,-0.011073796169697052,0.025609322856981833,0.006651403616462864,-0.013102231547236443,0.0077597135910188846,0.025609322856981833,0.03114614261191244,-0.029184749349951744,0.006576107802974452,0.025609322856981833,0.027577718274161625,-0.010295054875314236,0.012733208563353806,0.025609322856981833,0.02800827616382164,-0.007857323624193668,0.017038766136888237,0.025609322856981833,0.025061155311699113,-0.00858211237937212,0.01075620409969446,0.025609322856981833,0.021233293230069825,0.006341577973216772,0.023558061501165323,0.025609322856981833,0.02205602496340781,0.027281295508146286,-0.2759250998497009,-0.1455066055059433,-0.07908859848976135,0.006901935208588839,0.1193569228053093,0.1269170492887497,0.1724407970905304,-0.26306894421577454,-0.14476542174816132,-0.050935957580804825,0.017993230372667313,0.10140733420848846,0.1274011731147766,0.16568589210510254,0.015202676776857911,0.015951098200593004,0.007085953276312274,4.649022499002707,0.0
2023-06-30,0.1316670730788436,0.0,0.0242753392460706,0.0242753392460706,0.047701062361031756,0.01884115324131627,0.023042769322179725,0.024498296144829172,0.024131547965308822,-0.041074447333812714,-0.004200477573241938,0.024498296144829172,-0.014500856553231252,-0.045526497066020966,0.022344255008625705,0.024498296144829172,0.024366105758650794,-0.05224817246198654,0.02098604465610747,0.024498296144829172,0.021715072185067696,-0.05454573780298233,0.02225965125636519,0.024498296144829172,0.025243694651779384,-0.03961532562971115,0.0318925953446404,0.024498296144829172,0.018566985466097134,-0.014017952606081963,0.021242111167664408,0.024498296144829172,0.0229142221231725,-0.028591949492692947,0.004203251306236645,0.024498296144829172,0.011120149936083035,-0.03411390632390976,-0.26159098744392395,-0.20401325821876526,-0.08043570816516876,-0.017907381057739258,0.12783555686473846,0.1514403373003006,0.1763136386871338,-0.26027190685272217,-0.1481761932373047,-0.07935338467359543,0.0034054918214678764,0.11730138212442398,0.12428860366344452,0.17031751573085785,0.007112952975504196,0.008592310622389914,0.0076495415246262514,4.648221949607701,0.0
2023-07-30,-0.0712522362335841,0.0,0.025349256584398332,0.025349256584398332,0.04615603356675374,0.018810019402505526,0.023273381560228852,0.025626388533608272,0.04354699623977753,-0.0362849086523056,0.016473795435644097,0.025626388533608272,-0.012472007339905677,-0.005968793295323849,0.022077366153687054,0.025626388533608272,0.044015085455531795,-0.03997894003987312,0.02128136314618553,0.025626388533608272,0.0405196370318312,-0.03445611149072647,0.023969701000706497,0.025626388533608272,0.039979970705308066,-0.022146275267004967,0.032281362087153966,0.025626388533608272,0.03572132509943854,-0.02799164317548275,0.023387899994747153,0.025626388533608272,0.026062371277885087,-0.03368955850601196,0.01884615905051865,0.025626388533608272,0.013874380846868404,-0.01787891797721386,-0.15711162984371185,-0.15191493928432465,-0.072734035551548,0.0005490065086632967,0.07688406109809875,0.12462931126356125,0.17603537440299988,-0.15633289515972137,-0.1268537938594818,-0.047540903091430664,0.028362253680825233,0.08487901836633682,0.13315917551517487,0.16569571197032928,0.013318062774799933,0.015446723702701844,0.014040464420327262,4.69185462442171,0.0
2023-08-30,0.0263842574679618,0.0,0.02439280616045791,0.02439280616045791,0.002210734524788427,0.01879631564799352,0.003827931973370599,0.024617236192283357,0.028994756284615356,-0.023887593299150467,-0.009619549013183657,0.024617236192283357,-0.014570608061902905,0.025203200057148933,0.002847517880585883,0.024617236192283357,0.030673644815357275,-0.025444507598876953,-0.0003115273695821555,0.024617236192283357,0.03029138742426095,-0.029447417706251144,0.001324420219937953,0.024617236192283357,0.028837194061545144,-0.028287429362535477,0.010878608348307624,0.024617236192283357,0.02361885900258775,-0.011148479767143726,-0.0021442612106173133,0.024617236192283357,0.020760837292592215,-0.02530605159699917,-0.012065369837105686,0.024617236192283357,0.013353119937222262,-0.010872937738895416,-0.16083231568336487,-0.13642624020576477,-0.07651570439338684,-0.01158495806157589,0.06377330422401428,0.11611436307430267,0.17080974578857422,-0.16976939141750336,-0.13396009802818298,-0.07441702485084534,0.003273285925388336,0.06775924563407898,0.12024102360010147,0.1647523045539856,0.00688587599783709,0.007924837484309288,0.008388082787779711,4.643776442680887,0.0
2023-09-30,-0.0501631286734278,0.0,0.02441233019288442,0.02441233019288442,0.04549981836258464,0.018181733959787023,0.016970915601036148,0.02463545290646561,0.018373027903511252,-0.044482167810201645,0.00212795641962904,0.02463545290646561,-0.010455660806252542,0.008297175168991089,0.0173286789526075,0.02463545290646561,0.01965874241979987,-0.022873759269714355,0.016046298803333872,0.02463545290646561,0.01517011759603952,-0.03552518039941788,0.016978930070478758,0.02463545290646561,0.018447581806053222,-0.043911758810281754,0.02513154219947333,0.02463545290646561,0.016352089407773183,-0.013916919007897377,0.018932406037603138,0.02463545290646561,0.013868193285225199,-0.015147368423640728,0.02729566853015082,0.02463545290646561,0.025532020985606464,0.009310470893979073,-0.1590316891670227,-0.13365276157855988,-0.06580939143896103,0.07147236913442612,0.12009453773498535,0.14548292756080627,0.17205731570720673,-0.16506044566631317,-0.1201063022017479,-0.05340887978672981,0.059524811804294586,0.11900046467781067,0.13260114192962646,0.16751748323440552,0.010687103021498563,0.011982360950345978,0.00387430715020284,4.591430949348326,0.0
2023-10-30,-0.0535898780173234,0.0,0.023688296611658086,0.023688296611658086,0.023931913032998554,0.01834473242071455,0.029386297887678013,0.023872202074017718,0.02878923792060036,0.038555439561605453,0.008833543543700119,0.023872202074017718,0.012454255688178604,-0.025700436905026436,0.029611640536448,0.023872202074017718,0.0315454420180509,0.0327705554664135,0.029270750225482763,0.023872202074017718,0.03334859423355423,0.04684384539723396,0.03110082846942192,0.023872202074017718,0.030523322331906022,0.03545965626835823,0.037975925559398285,0.023872202074017718,0.025804169973481693,0.040930360555648804,0.037386974087142914,0.023872202074017718,0.03331049973116657,0.04855949804186821,0.039107479063339334,0.023872202074017718,0.030657369046168906,0.038445454090833664,-0.15444524586200714,-0.12981681525707245,-0.04691791534423828,0.023999955505132675,0.13468767702579498,0.18026700615882874,0.23503799736499786,-0.15096719563007355,-0.10781348496675491,-0.051842592656612396,0.040493112057447433,0.12682202458381653,0.23080627620220184,0.23780065774917603,0.03232856573083434,0.03202564683445672,0.030150794360975387,4.572045626271815,1.0
2023-11-30,-0.0635027882640386,0.0,0.022945237240225576,0.022945237240225576,0.039912063478595355,0.018389977200594793,0.035241852743109064,0.023089756820569827,0.02826671524809734,0.10773205012083054,0.012580255604272492,0.023089756820569827,0.022282376172987613,0.00317941652610898,0.02671310142298222,0.023089756820569827,0.035083799193666595,0.09418059885501862,0.03033703911821429,0.023089756820569827,0.026631272268895875,0.0935378447175026,0.04478526923135419,0.023089756820569827,0.025861249110315454,0.09146510809659958,0.0365614330909952,0.023089756820569827,0.04825421569067875,0.06946458667516708,0.03657094572420656,0.023089756820569827,0.048458923403804956,0.03037191741168499,0.02959522290047716,0.023089756820569827,0.016342429259467918,-0.02645280212163925,-0.15174348652362823,-0.11846890300512314,-0.0071653928607702255,0.031527284532785416,0.16310341656208038,0.16615262627601624,0.2249290943145752,-0.16743293404579163,-0.1648576855659485,-0.012895802967250347,0.030680350959300995,0.15904991328716278,0.23110274970531464,0.23602664470672607,0.03734586229053382,0.036662485370223596,0.04858259373315169,5.267434342284076,1.0
2023-12-30,0.0207629368330843,0.0,0.022121922711613538,0.022121922711613538,0.039493218633428404,0.015508516464891986,0.020489023417580743,0.02222383136972374,0.033392319695936354,0.04043344035744667,0.008188263874029203,0.02222383136972374,0.018185191632794986,-0.011974571272730827,0.013651243542326181,0.02222383136972374,0.035927070644533834,-0.0005480092368088663,-0.0014052296269097299,0.02222383136972374,0.02450265956790513,-0.07320698350667953,-0.004485156263170458,0.02222383136972374,0.04154833059510627,0.012439373880624771,0.01725760693811018,0.02222383136972374,0.03499168336650354,-0.025974823161959648,-0.03450964212769099,0.02222383136972374,0.006140193044075374,-0.12306945770978928,-0.03204159377680875,0.02222383136972374,-0.008396304340754775,-0.06758338212966919,-0.16011624038219452,-0.13980688154697418,-0.06087031587958336,-0.010320907458662987,0.07696042954921722,0.13567033410072327,0.18458181619644165,-0.23317261040210724,-0.18264777958393097,-0.10458002984523773,-0.026274677366018295,0.020727088674902916,0.14472796022891998,0.1729605346918106,-0.0021424763367797286,-0.00037194393368744725,0.029134653710171876,5.037014913799776,1.0
2024-01-30,-0.1526196997011304,0.0,0.022109102090117978,0.022109102090117978,0.04029989857778328,0.015498629629726887,-0.0038778175305910108,0.02220936706738078,0.011652479855808385,-0.023594485595822334,-0.007433695414753284,0.02220936706738078,0.012840540142788688,-0.009303408674895763,-0.009204558175334228,0.02220936706738078,0.013360981926967054,-0.05430516228079796,-0.020050823430005683,0.02220936706738078,-0.0068663463574762836,-0.09379331022500992,-0.0011871075518522997,0.02220936706738078,0.014873155443799206,-0.035907045006752014,-0.004232958268271376,0.02220936706738078,0.01181057904522364,-0.07681904733181,-0.030157086875834467,0.02220936706738078,-0.0014133993950754646,-0.15057511627674103,-0.025817512031352963,0.02220936706738078,0.006361255425907646,-0.008237998932600021,-0.3423076868057251,-0.15298351645469666,-0.1114075556397438,0.013677265495061874,0.12169376015663147,0.13801157474517822,0.16905146837234497,-0.266227126121521,-0.2633551359176636,-0.12246857583522797,0.0005917592789046466,0.08420460671186447,0.1447056233882904,0.1622409224510193,-0.014121054078863812,-0.010327460126806909,0.0015973859491939541,4.939818639615065,1.0
2024-03-01,-0.120167766632119,0.0,0.020476122634125002,0.020476122634125002,0.022356143288447473,0.014845182431431908,0.016526392771086508,0.02049535660886596,0.01056524779229002,0.037596121430397034,0.017092122362728574,0.02049535660886596,0.02989055564135685,0.08491610735654831,0.009147049820975165,0.02049535660886596,0.012677843994355814,0.024329815059900284,0.0011876289817548298,0.02049535660886596,-0.01606040364669555,0.026126382872462273,0.01807876131360959,0.02049535660886596,0.012377516497171863,0.05782867968082428,0.01371538396016881,0.02049535660886596,0.010367653619722878,0.02906467765569687,-0.011268283852756671,0.02049535660886596,-0.006087292481057507,-0.02947710081934929,-0.006401152292078483,0.02049535660886596,-0.002825475027273986,0.010741613805294037,-0.326242059469223,-0.12967513501644135,-0.08881192654371262,0.0265063289552927,0.15472103655338287,0.16802138090133667,0.21551170945167542,-0.25693023204803467,-0.18366681039333344,-0.10725223273038864,0.02687077783048153,0.07300322502851486,0.16215340793132782,0.19169801473617554,0.011520643283163374,0.011173038242256201,0.02129577965065988,5.057544360457974,1.0
2024-03-30,0.0801656458972344,0.0,0.0191738644001783,0.0191738644001783,0.05709749271832954,0.009274994763028418,0.017620297554728527,0.019129695218176788,0.03319837503258162,-0.04210584983229637,0.011875959492740118,0.019129695218176788,0.0333461779565914,-0.02077842503786087,0.011158764306655355,0.019129695218176788,0.036162837730808264,-0.051893822848796844,-0.0003539190132187918,0.019129695218176788,0.009234263306923498,-0.08854179084300995,0.012155983929174243,0.019129695218176788,0.03556456887997535,-0.01890687830746174,0.018356322547488303,0.019129695218176788,0.03132989958989398,-0.027969220653176308,-0.014600985443086342,0.019129695218176788,-0.008705390806509308,-0.07079308480024338,-0.01223007718737942,0.019129695218176788,-0.01138467659871657,-0.037246447056531906,-0.16511709988117218,-0.12475242465734482,-0.082733653485775,-0.010074312798678875,0.05557074770331383,0.13845543563365936,0.1650671809911728,-0.16985557973384857,-0.1685614287853241,-0.10197865962982178,-0.02605246938765049,0.027949906885623932,0.11950360983610153,0.1576617807149887,-0.0030785617482562842,-0.002662499489718844,0.006960629493297642,4.970990483724692,1.0
2024-04-30,0.1634036388301831,0.0,0.019733422028591657,0.019733422028591657,0.04652474400798913,0.008011334065798683,0.016747898974418182,0.01971657935932157,0.024315467450561158,0.05829848349094391,0.004901802344316572,0.01971657935932157,0.03396222615659951,0.006415816489607096,0.012196445359506453,0.01971657935932157,0.0270600337481383,0.0473359078168869,0.002158014565869098,0.01971657935932157,0.0007088901889692641,0.012079537846148014,0.016610180977093218,0.01971657935932157,0.02502687458050516,0.05155141279101372,0.022233776731864323,0.01971657935932157,0.022910484334835318,0.06467884033918381,-0.006009860852178819,0.01971657935932157,-0.008841818633617625,-0.015088442713022232,-0.0032012430685808037,0.01971657935932157,-0.003896724901080107,0.0530942901968956,-0.13564662635326385,-0.09398199617862701,-0.024609731510281563,0.012963816523551941,0.0829419270157814,0.14942802488803864,0.16735468804836273,-0.128671333193779,-0.09915223717689514,-0.022913359105587006,0.001407952164299786,0.04373663291335106,0.10872664302587509,0.15945014357566833,0.01828775314434829,0.017482957007181336,0.029769607318811203,4.877069201773963,1.0
2024-05-30,0.0305691680312536,0.0,0.021039514908606127,0.021039514908606127,0.00768961832753693,0.008965463578072841,0.02836678195690337,0.02108502754475835,0.010523139730079227,0.11770468205213547,0.012386502191660955,0.02108502754475835,0.051687030809106145,-0.003924831748008728,0.020374020956635406,0.02108502754475835,0.0174310242621155,0.0907660722732544,0.014839309768821904,0.02108502754475835,-0.0017074528407328912,0.10358518362045288,0.029863686178216876,0.02108502754475835,0.01349948255063101,0.09504471719264984,0.032126218318933336,0.02108502754475835,0.014775038651728654,0.08819589763879776,0.016689483999811856,0.02108502754475835,0.003766197711231496,0.06384734064340591,0.014337975688099042,0.02108502754475835,0.01049336173387309,0.0669999048113823,-0.13144440948963165,-0.046472880989313126,-0.020181510597467422,0.0577019564807415,0.16255968809127808,0.16432152688503265,0.2155073583126068,-0.12746621668338776,-0.06885909289121628,-0.013995371758937836,0.03850351274013519,0.12814882397651672,0.1377594918012619,0.19112151861190796,0.03422656785116077,0.032973454525357805,0.04441990782096911,5.080555568799461,1.0
2024-06-30,-0.0515278084648,0.0,0.021125367639440788,0.021125367639440788,-0.0066298843108540916,0.008972431288502768,0.01109513688573513,0.02117450056821585,0.005000055870485694,-0.01845403015613556,-0.009491614751998317,0.02117450056821585,0.04564270704554292,-0.05186917260289192,0.006659737891651495,0.02117450056821585,0.008383129131226524,-0.047158509492874146,-0.004482214553491199,0.02117450056821585,-0.004227482546034739,-0.058068856596946716,0.002436371350351515,0.02117450056821585,0.016823590588044356,-0.0009357418748550117,0.012817259770671156,0.02117450056821585,0.011358510696040238,-0.003357746172696352,-0.013887915759746294,0.02117450056821585,-0.00044399333791377005,-0.05726974830031395,-0.016469231314179923,0.02117450056821585,0.005312709448339184,-0.067648746073246,-0.15967988967895508,-0.11820565164089203,-0.06688100844621658,0.009753243066370487,0.12712548673152924,0.15031243860721588,0.16802461445331573,-0.15505728125572205,-0.08711520582437515,-0.0645308643579483,0.01518277358263731,0.07931740581989288,0.1436101347208023,0.16571012139320374,-0.0034629947390282714,-0.002103611267342924,0.004703915792075278,4.855392805030737,0.0
2024-07-30,0.003264034686726,0.0,0.020476678567081495,0.020476678567081495,0.01928524043098287,0.009051174295595777,0.015347371937476746,0.02049503973613159,0.011053977966725916,0.025753149762749672,-0.00023784434604839227,0.020060219426031176,0.0441347413462221,-0.03462748974561691,0.013603044457527452,0.02049503973613159,0.011902312762902533,0.0059823826886713505,0.006298394801853763,0.02049503973613159,0.0006797010655588513,-0.003549136221408844,0.019318586739437843,0.02049503973613159,0.01525616631909735,0.05958946421742439,0.01766658550661807,0.02049503973613159,0.015622444429150123,0.030550038442015648,0.006808829386218643,0.02049503973613159,0.009266542661384741,0.037067681550979614,0.001808643663596586,0.02049503973613159,0.014834028451553426,-0.019804103299975395,-0.15140902996063232,-0.1171831488609314,-0.06010197848081589,0.01389978639781475,0.11710312962532043,0.15407554805278778,0.2066987156867981,-0.14679504930973053,-0.08484657108783722,-0.0566461905837059,0.011065270751714706,0.1260206699371338,0.1618783175945282,0.1882914900779724,0.015244660251641487,0.015137209826231509,0.018162384850770978,4.717233623949512,0.0
2024-08-30,-0.0039750194305048,0.0,0.020324354284954455,0.020324354284954455,0.03426087280120536,0.009056239597601849,0.026851875589297226,0.02033549339308154,0.025937455860057836,-0.02187294326722622,0.016078602680347696,0.020166793801888246,0.03542034033798121,-0.04369770735502243,0.028439722124490453,0.02033549339308154,0.02639541537073667,-0.009988650679588318,0.02403207584941379,0.02033549339308154,0.02783685164053725,-0.037444308400154114,0.028935247317620517,0.02033549339308154,0.027768268231043527,-0.0281650573015213,0.019986295492159783,0.02033549339308154,0.032573115460481944,-0.024125011637806892,0.01559723460530453,0.02033549339308154,0.0165547123323574,-0.06617560237646103,0.042735392523487216,0.02033549339308154,0.040771876094899906,-0.048184532672166824,-0.1475522667169571,-0.12962065637111664,-0.06183164194226265,0.016222266480326653,0.07383614033460617,0.14272072911262512,0.16301295161247253,-0.16231408715248108,-0.1356692761182785,-0.060671716928482056,0.004992838017642498,0.03158199042081833,0.15450547635555267,0.16480320692062378,0.009981500180555157,0.011201108984706854,0.012812970393802595,4.5186025584965686,0.0
2024-09-30,-0.1248312871660033,0.0,0.020111201883941655,0.020111201883941655,0.02354940932978658,0.008799143635156862,0.021574946212685738,0.020112461165342214,0.02745259598704731,-0.033017661422491074,0.00832742841398669,0.019712146158551366,0.02439659445374027,-0.04831428825855255,0.016483393694019178,0.020112461165342214,0.028810530811812684,-0.05678771436214447,0.02035534482746724,0.020112461165342214,0.023679498737937347,-0.05035005882382393,0.02954725849000641,0.020112461165342214,0.021158514080075016,-0.02190330997109413,0.021532942777446197,0.020112461165342214,0.03346652964112617,-0.04487600922584534,0.016807607022324263,0.020112461165342214,0.026310421282718457,-0.0452309250831604,0.024920360022414843,0.020112461165342214,0.020692643634434554,-0.05104418471455574,-0.16119106113910675,-0.14454756677150726,-0.06112466752529144,0.003985560964792967,0.0802854374051094,0.12973999977111816,0.1613665074110031,-0.18405412137508392,-0.16790030896663666,-0.06040305271744728,-0.011203233152627945,0.08236900717020035,0.142152801156044,0.1685275286436081,0.005593650409717152,0.006824634388514534,0.009030585485646048,4.931300739808437,0.0
2024-10-30,0.0289092559228816,0.0,0.018850832413942132,0.018850832413942132,0.024671333402558903,0.008461063783478641,0.022436210070844623,0.018794790725966345,0.018857287078055722,0.030956963077187538,0.012953260960100799,0.01835066620699793,0.017745076661709158,0.02164573408663273,0.01843432948507486,0.018794790725966345,0.01916350222077664,0.028429802507162094,0.013723194303597903,0.018794790725966345,0.015073632209819752,0.004906198475509882,0.011495349399049296,0.018794790725966345,0.026232831776100564,0.0317811593413353,0.027196047279388395,0.018794790725966345,0.02267417515844051,0.047763943672180176,0.0013376905071202441,0.018794790725966345,0.009158826548906306,0.03881186991930008,0.019408941320831184,0.018794790725966345,0.016564755536799657,0.05946924909949303,-0.15802842378616333,-0.10566086322069168,-0.05217462033033371,0.018162047490477562,0.11056781560182571,0.12913519144058228,0.25469741225242615,-0.16140060126781464,-0.12654149532318115,-0.05126047879457474,0.012400415726006031,0.08729285001754761,0.14371627569198608,0.1803748458623886,0.02184976012986183,0.022404990596723393,0.02276131273801356,4.854055534770381,0.0
2024-11-30,0.078994356922303,0.0,0.01893754296143299,0.01893754296143299,0.04594669826467335,0.007692506002677901,0.023969627856263928,0.018885912034046663,0.03226857018392298,-0.02517695724964142,0.018465363912219247,0.018897727034111772,0.007669204442801657,-0.025086797773838043,0.01977108410947967,0.018885912034046663,0.0319961297796996,-0.03648083657026291,0.014582012768521769,0.018885912034046663,0.020770759899311535,-0.041294023394584656,0.024795141691176963,0.018885912034046663,0.029967451141682165,-0.033355463296175,0.029107756388862146,0.018885912034046663,0.03384333564737026,0.0028884022030979395,0.011000957292909997,0.018885912034046663,0.007792474028826577,-0.035061437636613846,0.014929343578186843,0.018885912034046663,0.006985382314425956,-0.0029656514525413513,-0.16924260556697845,-0.13717623054981232,-0.08239974826574326,0.00975930504500866,0.0674123540520668,0.10182593017816544,0.1580047756433487,-0.14645281434059143,-0.10879646241664886,-0.07104481011629105,-0.0005772492731921375,0.07314687967300415,0.11788241565227509,0.15850797295570374,0.008857845445735568,0.008647523105666181,0.012486788206148035,4.862609860703768,0.0
2024-12-30,0.0742836346342175,0.0,0.01945084906366265,0.01945084906366265,0.017041264870356676,0.007070801167595994,0.02049348600129671,0.01942259457769181,0.014479068691506001,-0.008686420507729053,0.014793918997087454,0.019784373500701415,0.008167278305110518,-0.012832053005695343,0.01673949806152062,0.01942259457769181,0.014358136799665577,0.0008225985802710056,0.011693385315102679,0.01942259457769181,0.008329789117502416,-0.01414866279810667,0.019021033320309712,0.01942259457769181,0.017414269560913936,-0.0031757736578583717,0.02638734927709913,0.01942259457769181,0.022307484678500772,0.01948579028248787,0.009097370193777026,0.01942259457769181,0.014084806883127843,0.002198738045990467,0.011080669063270673,0.01942259457769181,0.013004008440270633,0.018744179978966713,-0.16902990639209747,-0.1344720721244812,-0.0636848732829094,0.011091357097029686,0.10926880687475204,0.13146963715553284,0.1628367155790329,-0.15356534719467163,-0.08950027078390121,-0.0688205286860466,0.012228963896632195,0.10774973034858704,0.15528202056884766,0.16576530039310455,0.013499176608706786,0.013890723408159977,0.011427182190691366,4.847021459909341,0.0
2025-01-30,0.0989058810303902,0.0,0.01991553368714193,0.01991553368714193,0.008274340600898957,0.006955873514388422,-0.021919146152149994,0.019908090507395577,-0.02223015230931009,-0.06083637848496437,-0.03189119309284231,0.021065471819263697,-0.002192171638978155,-0.07664448767900467,-0.026883134020573164,0.019908090507395577,-0.020958940556715457,-0.08281072974205017,-0.030962204650600598,0.019908090507395577,-0.035528427885821064,-0.0798947885632515,-0.023009558184516617,0.019908090507395577,-0.01253655709173572,-0.06408602744340897,-0.019670254956577402,0.019908090507395577,-0.00961898738310912,-0.03406292572617531,-0.039611054222647074,0.019908090507395577,0.004889358883906521,-0.06694215536117554,-0.030917773252575574,0.019908090507395577,0.01478313103825661,-0.10535050183534622,-0.2364262342453003,-0.15054041147232056,-0.1333002746105194,-0.018004056066274643,0.049699295312166214,0.10081486403942108,0.1572469174861908,-0.23302198946475983,-0.18279653787612915,-0.1494002342224121,0.002375249285250902,0.07288945466279984,0.14069007337093353,0.15693645179271698,-0.022655124496239284,-0.022212612787659805,-0.02126939660975722,4.927289928582932,0.0
2025-03-02,-0.166843950674326,0.0,0.020579318118597797,0.020579318118597797,0.009811379317853662,0.0065907306507424065,0.002892334358262364,0.020601053582158687,0.007341135344780914,-0.020731089636683464,-0.012317724688367417,0.02306205690721495,0.004570646905870949,-0.03213385492563248,0.0013939186268414443,0.020601053582158687,0.007420098527357678,-0.014674756675958633,-0.005108463523847077,0.020601053582158687,0.0031820920377625198,-0.022594831883907318,-0.0007623042209832509,0.020601053582158687,0.01568814544368598,-0.009802519343793392,0.004182872558176728,0.020601053582158687,0.01540901737822489,-0.026213092729449272,-0.010309489641943087,0.020601053582158687,0.008803109438355739,-0.043441955000162125,-0.003967649739634788,0.020601053582158687,0.02034977912597506,-0.023696819320321083,-0.13271750509738922,-0.0920301005244255,-0.05555792152881622,0.00013677793322131038,0.0664718821644783,0.1485138088464737,0.16024497151374817,-0.12642085552215576,-0.09013859927654266,-0.04619383066892624,0.010433248244225979,0.022282622754573822,0.11930322647094727,0.1563323438167572,0.001644311356222172,0.0032981807817030404,0.0025258584121296253,4.72038898696474,0.0
2025-03-30,-0.0977859273912447,0.0,0.019017457545323427,0.019017457545323427,0.006216997867447595,0.007646521352105661,-0.004843159518369375,0.018971097023406647,-0.00012685879790816368,-0.005348436068743467,-0.022033320108342795,0.018971097023406647,-0.009021449364518552,-0.023697467520833015,-0.008226396097763104,0.018971097023406647,-0.002677154556599677,-0.017996765673160553,-0.009250332194700672,0.018971097023406647,-0.008807517995847891,-0.006378033198416233,0.0005347410675398054,0.018971097023406647,-7.353307868919814e-05,-0.012247993610799313,3.426013030056671e-05,0.018971097023406647,0.0037715205101270764,-0.010170500725507736,-0.005098318418441088,0.018971097023406647,0.01244807766253123,0.003078864887356758,-3.871354270566785e-05,0.018971097023406647,0.01796489891273295,0.023581789806485176,-0.15179134905338287,-0.12581737339496613,-0.06873922049999237,-0.01063332986086607,0.12538181245326996,0.1411058008670807,0.15672864019870758,-0.15996767580509186,-0.1186261922121048,-0.07060886174440384,0.006988137029111385,0.10339660942554474,0.11831524968147278,0.15494923293590546,0.003928144834370097,0.004032724607394594,0.0021631606595964104,4.8930782973006925,0.0
2025-04-30,0.0751039430812694,0.0,0.0180521403144427,0.0180521403144427,0.05421082504939529,0.007878004851135439,0.003803427858777542,0.01796457095086655,0.006429730651431334,0.0014263286720961332,0.0028716102345316893,0.01796457095086655,-0.014717922180771545,-0.024281462654471397,-0.0034256579053273013,0.01796457095086655,5.727883343915885e-05,-0.03281940892338753,-0.005180460565745795,0.01796457095086655,-0.009019266952521525,-0.007247730158269405,-0.0003990452747776492,0.01796457095086655,0.0073716895585593505,-0.01435341127216816,0.0035357108781737864,0.01796457095086655,0.003922029165884494,0.0043892632238566875,-0.0025556741643541804,0.01796457095086655,0.00909913233807729,0.017380254343152046,-0.003192360751459681,0.01796457095086655,-0.0004981348142892618,-0.021430714055895805,-0.15816552937030792,-0.13974720239639282,-0.07901405543088913,0.002758424961939454,0.11823954433202744,0.13872629404067993,0.1579035520553589,-0.15255512297153473,-0.130638986825943,-0.07107024639844894,0.016461532562971115,0.06609905511140823,0.1424395591020584,0.15920735895633698,0.0022258716336727422,0.002450222729558195,0.00740601453329289,5.128359137754318,0.0
2025-05-30,0.0234005300044684,0.0,0.01851977804203964,0.01851977804203964,0.0384430507446815,0.008024334302335434,0.013831107394175342,0.018452941652835807,0.012239168306222183,0.04788985475897789,0.014837817881390509,0.018452941652835807,-0.005421024473087864,0.061316922307014465,0.010156452110415513,0.018452941652835807,0.005342723389820659,0.04113316535949707,0.001035522061439139,0.018452941652835807,-0.007954800876190257,0.020715219900012016,0.005787556016483271,0.018452941652835807,0.018327351451704596,0.04146253317594528,0.016942406333736518,0.018452941652835807,0.008896978348657379,0.07044511288404465,-0.002422041994157017,0.018452941652835807,-0.0007380109834527193,0.021676158532500267,-0.002539099106887526,0.018452941652835807,-0.0014726846951537143,0.008247282356023788,-0.15269719064235687,-0.13685260713100433,-0.07156387716531754,0.022508010268211365,0.09935934096574783,0.1555834859609604,0.1589774340391159,-0.17186276614665985,-0.11804980784654617,-0.06336625665426254,0.02597726508975029,0.06732618063688278,0.15315499901771545,0.16156047582626343,0.015239978090893906,0.015458333354573027,0.023103268028052806,4.9432019493378245,0.0
2025-06-30,0.0291640148252527,0.0,0.01855945895230329,0.01855945895230329,0.008414468610530156,0.007849141229684655,0.001692561406164625,0.01849487036768015,0.0050553106336104926,0.020050441846251488,0.013162267981545909,0.01849487036768015,-0.0031018585552858476,0.04772736504673958,-0.004782535091629493,0.01849487036768015,-0.0032037644812918722,0.014371338300406933,-0.010115133716719335,0.01849487036768015,-0.022351275234535724,-0.03541123494505882,0.005285693736915339,0.01849487036768015,0.0029575562773684477,-0.004670945927500725,0.0031854310712192604,0.01849487036768015,8.99567680577272e-05,0.02259805053472519,0.0002948521011764578,0.01849487036768015,0.003470651901508519,-0.018056562170386314,-0.0017383407133204389,0.01849487036768015,0.0022709233407985398,-0.024428440257906914,-0.2469344437122345,-0.14974549412727356,-0.07993391156196594,0.00756014883518219,0.12135506421327591,0.161345437169075,0.16554467380046844,-0.23236697912216187,-0.12410151213407516,-0.08351347595453262,0.01563020795583725,0.07411996275186539,0.14883185923099518,0.16333487629890442,0.00169731015416282,0.0022483851038352025,0.01132329606342669,5.111604385234559,0.0
2025-07-30,-0.0088291513219136,0.0,0.018644979564181912,0.018644979564181912,0.01767625212296205,0.007101128821508145,0.007401481876779812,0.018584527043794204,-0.009853581329003092,0.005723811220377684,0.016134325557433573,0.018584527043794204,0.004376916813643038,0.040990423411130905,-0.0028778097052225456,0.018584527043794204,-0.02012194883259429,-0.008504340425133705,-0.009203929704341703,0.018584527043794204,-0.022847937210853674,-0.02252783067524433,0.0028683819279353394,0.018584527043794204,-0.00754457630935958,0.0036135867703706026,-0.0017558084878550907,0.018584527043794204,-0.003381179303024333,-0.017516156658530235,-0.011980065932819216,0.018584527043794204,0.004356064201670503,-0.002788297366350889,-0.01854659160923675,0.018584527043794204,-0.0037531099195376796,-0.03464667126536369,-0.15492884814739227,-0.12555824220180511,-0.06177013739943504,0.020511846989393234,0.07664725929498672,0.1302705854177475,0.14792408049106598,-0.18534481525421143,-0.14105209708213806,-0.059868741780519485,0.02444484643638134,0.12353979051113129,0.13986442983150482,0.15821926295757294,-0.0027354607601135857,-0.002360404329236813,0.005464059702987152,5.384903049500093,0.0
2025-08-30,0.0680164189363141,0.0,0.01842518651709315,0.01842518651709315,0.016752813091750418,0.006934398495544819,0.0149344800101853,0.022521373463905085,-0.0048161414250440515,0.03521615266799927,0.028953124387287605,0.028259523316698298,0.010741638598872883,0.056520432233810425,0.012490957609596513,0.020766249055102708,-0.011073157906966648,0.019901646301150322,-0.0031263146710593832,0.018356079724079974,-0.01832280382484354,0.007340515498071909,0.0037636424701427886,0.018356079724079974,0.01021904915634474,0.01071067526936531,-0.025369857301272537,0.00433418375507617,0.016866465595555907,0.03696151822805405,-0.012573247707603461,0.018356079724079974,-0.009897906379166755,-0.008752421475946903,-0.017135661833262112,0.018356079724079974,0.0007932562305977414,-0.032639723271131516,-0.15177839994430542,-0.09207900613546371,-0.03209640830755234,0.020925691351294518,0.0545571893453598,0.13461384177207947,0.1744503527879715,-0.21684899926185608,-0.17561985552310944,-0.05428269878029823,0.007406553719192743,0.02767212688922882,0.13603289425373077,0.16005006432533264,0.0032783909872552163,0.003663844782895054,0.0169639661792614,4.885405150617687,0.0
2025-09-30,0.0402116031141366,0.0,0.018818767726769506,0.018818767726769506,0.023250525614838653,0.007118348631646254,0.013888432286012976,0.019966566885951907,-0.004117521336433647,0.03982725739479065,0.020022269188187197,0.017964034318790977,0.01699230386251064,0.06034531071782112,0.010724801429469332,0.017936101252659035,-0.010341627020396097,0.02788427472114563,0.004773394951985026,0.018766495750627363,-0.01761627014457701,0.025730054825544357,0.02310237513202893,0.018766495750627363,-0.007610214440314952,0.03538510575890541,0.022399185452309116,0.022486988965556287,-0.003323730186222222,0.0563911609351635,0.013485470205715052,0.018766495750627363,0.005264132997165714,0.06506676971912384,0.009765047586998008,0.018766495750627363,0.01614870431808359,0.07988850772380829,-0.15740670263767242,-0.09280887246131897,-0.033914241939783096,0.025666143745183945,0.08314181119203568,0.11265645921230316,0.15542492270469666,-0.1441488116979599,-0.09343389421701431,-0.0427619069814682,0.023753417655825615,0.09797117859125137,0.13142727315425873,0.1510440707206726,0.019691925716110847,0.01941877025410879,0.017391183807580472,4.92127823881643,0.0
2025-10-30,-0.0078630715845013,0.0,0.01898721524950468,0.01898721524950468,0.010018892834059096,0.007104003925406395,0.013178635941202574,0.018231832684061065,0.0020354234806167007,-0.014896703884005547,0.005611445543207428,-0.0038331881672590377,0.00987087989054525,-0.07818260043859482,0.011518759012293036,0.01715263031273806,-0.0034063990440188346,-0.004144648090004921,0.007531154782054189,0.018942275319180718,-0.0005772351670197545,-0.027945244684815407,0.011512456671540734,0.018942275319180718,0.005906936705799452,-0.011883187107741833,0.02099692862033219,0.019749985437614203,0.0019037416990253936,-0.0177175123244524,0.0034740414753897803,0.018942275319180718,0.01437334690204005,-0.005010482855141163,0.0001297993700965054,0.018942275319180718,0.007561758759025259,0.0023938731756061316,-0.1635989099740982,-0.12956786155700684,-0.08384967595338821,0.02188519574701786,0.05582987517118454,0.10460402071475983,0.14479395747184753,-0.14430230855941772,-0.12189250439405441,-0.06532386690378189,0.014269266277551651,0.06369329243898392,0.11862710118293762,0.14768746495246887,0.005387075205295147,0.00569331173033292,0.004637297055468698,4.830092691946944,0.0
2025-11-30,0.0497961212162731,0.0,0.01877744738361401,0.01877744738361401,0.015193041826457532,0.006987816463178743,0.007450208853629478,0.010375274959961201,0.0004644924295952105,-0.01788325421512127,-0.011736760286969326,-0.027079474348528206,0.009646954901117517,-0.05826834216713905,0.0028963093821252894,0.007774153158186636,-0.006561543225825854,-0.024236615747213364,0.0012168667645725585,0.018724345669557284,-0.006315889479139532,-0.02857331745326519,0.009276316152203595,0.018724345669557284,-0.002351739522479638,-0.03830385208129883,-0.003081512435222738,0.011491975774467518,-0.005333637388678213,-0.036478061228990555,0.001333860245873144,0.018724345669557284,0.013238581382795222,-0.03608500957489014,-0.0011441067061214415,0.018724345669557284,0.003529719605882827,-0.04506585747003555,-0.17320676147937775,-0.1277395635843277,-0.08188800513744354,0.005312434863299131,0.048557985574007034,0.10354213416576385,0.14547212421894073,-0.13910433650016785,-0.12225032597780228,-0.06205524504184723,0.006982432212680578,0.04461001977324486,0.1138925775885582,0.1456547975540161,-0.0044948323820343805,-0.003936578440258574,0.00010168050701615458,5.024653192293228,0.0
2025-12-30,0.0484728457954783,0.0,0.01901790221952609,0.01901790221952609,0.023495462664168715,0.006894054514168457,0.006673887595126937,0.009724300552456586,-0.00042243569203257586,-0.01561531238257885,-0.012565421256350264,-0.025169370574038494,0.004630184537649563,-0.04375715181231499,0.007600802754367499,0.010140419103599372,-0.0030364319256832757,-0.004993537440896034,0.0008344379981197643,0.018974924504611447,-0.004413167742005036,-0.044554345309734344,0.0001676548786360213,0.018974924504611447,0.010505792284865978,-0.019270259886980057,-0.038503376161396,-0.003498242651331994,0.01729636923508287,-0.07769127190113068,-0.008860411385563462,0.018974924504611447,-0.00856835854172151,-0.06713304668664932,-0.0021540293579738815,0.018974924504611447,0.0161862817516898,-0.057330578565597534,-0.1579897105693817,-0.13489378988742828,-0.0791560709476471,0.013067877851426601,0.047331713140010834,0.10275334864854813,0.14588609337806702,-0.1671544313430786,-0.16400064527988434,-0.05900491401553154,1.694414095254615e-05,0.019213499501347542,0.10612618923187256,0.1475856602191925,-0.008390650063827334,-0.00716935393000309,9.01100182430243e-05,4.640362603145132,0.0
2026-01-30,-0.0823535117058522,0.0,0.019244478708571877,0.019244478708571877,0.013509822493220545,0.006960102904055086,-0.0030045830340576438,-0.0027354292317193253,-0.014546146448414666,-0.034057773649692535,-0.02723763779351194,-0.04868763648010846,0.005372244332495269,-0.06526786088943481,-0.006067181130082647,-0.00406707351620968,-0.01843747446246432,-0.04296981543302536,-0.005947630631731329,0.01921090787493838,-0.01814837222674291,-0.0162748321890831,0.005063558537537215,0.01921090787493838,-0.014639975349104089,-0.035356007516384125,-0.014101677371033843,-0.0007936918432889378,0.0009247279874271055,-0.007740979548543692,0.002074550312498629,0.01921090787493838,0.01791610217916431,0.0019593671895563602,0.00046702257762357147,0.01921090787493838,0.017792082105219723,-0.00032489484874531627,-0.25280487537384033,-0.1435478925704956,-0.10160507261753082,0.019551506265997887,0.053419727832078934,0.10772277414798737,0.14481191337108612,-0.1962825208902359,-0.10532467067241669,-0.092727430164814,0.027766453102231026,0.048129819333553314,0.10887865722179413,0.14536026120185852,-0.0025761901532357877,-0.0015757210953690221,-0.013585983090971043,4.8824361043363815,0.0
2026-03-02,-0.1384845630828586,0.0,0.018468921529835817,0.018468921529835817,0.014027546380549087,0.006224984622592289,0.00048350653129638,0.004175594644459664,-0.00020238443232135916,-0.03158740699291229,-0.01744097373871154,-0.03652275194222228,0.0005314288841013065,-0.020659910514950752,-0.0050213856564919265,0.0014054894061762482,-0.008100381051852616,-0.03595462441444397,-0.005200306234695987,0.018404841052868614,-0.008019059978903186,-0.026988135650753975,-0.004341095243887115,0.018404841052868614,0.00010692915124614275,-0.021872123703360558,-0.01986620459808966,0.005467349914884168,-0.005693725484575626,-0.017800919711589813,0.007866990176790142,0.018404841052868614,-0.012119148855676186,0.0009643426164984703,-0.006081948424247516,0.018404841052868614,-0.002280355335502228,-0.02536954917013645,-0.228608176112175,-0.13771513104438782,-0.05129966139793396,0.006160448770970106,0.08656000345945358,0.09591829031705856,0.1421620398759842,-0.34464338421821594,-0.12522605061531067,-0.03571401163935661,0.017823124304413795,0.10045760124921799,0.10366370528936386,0.1443607062101364,-0.004803270751547383,-0.004115531310787089,-0.006782672562369402,5.120871930184934,0.0
2026-03-30,0.0169822133298582,0.0,0.017279879979739645,0.017279879979739645,0.036497898955325264,0.006436337122417914,0.012087804539903102,0.018085753451771054,-0.0009785000097094626,0.06435083597898483,0.009468876447461198,0.008164970006876994,-0.0018378261514928364,0.040697358548641205,0.012146978118245869,0.018701759385854364,-0.005061116805651345,0.057441771030426025,0.004610418671836904,0.01716949141400462,-0.00725943137466482,0.040840961039066315,0.006229550256718832,0.01716949141400462,0.006638023863885187,0.04782239347696304,-0.009530330985583906,0.012770364328637034,0.011159440796889731,0.07708137482404709,0.009056019455567485,0.01716949141400462,-0.023209174077899877,0.03851502761244774,0.0021599309147907336,0.01716949141400462,0.012278809853136327,0.05525585636496544,-0.15498420596122742,-0.12593749165534973,-0.026984699070453644,0.03480827435851097,0.14171527326107025,0.14293259382247925,0.18482635915279388,-0.13880282640457153,-0.11436130106449127,-0.04623117297887802,0.03674689680337906,0.1123589277267456,0.13135746121406555,0.17057554423809052,0.018180274683570693,0.0177869006853306,0.023386473490237383,4.753222824546241,0.0
2026-04-30,0.031341795107699,0.0,0.017277641884627756,0.017277641884627756,0.04387773577383039,0.00621975852638601,0.02866707630056952,0.03663953698590547,0.017791232117173754,0.03556019067764282,0.019091929644744328,0.01633043162355723,0.004387182886073867,0.025498084723949432,0.011630118720757462,0.02431531460217052,0.001325757457421247,0.026440637186169624,0.015228949832073096,0.017168028303972224,-0.008949577167564435,0.039626140147447586,0.0336298784030431,0.017168028303972224,-0.007652911074288508,0.023172274231910706,-0.025591922694257023,0.033029527790836094,-0.001921858887364767,0.0010242355056107044,0.006255576235238763,0.017168028303972224,-0.010660554323575697,-0.004122867714613676,0.01998237435612315,0.017168028303972224,-0.018267049261904433,-0.018801342695951462,-0.15050677955150604,-0.09307224303483963,-0.032046303153038025,0.03561531379818916,0.06546162068843842,0.09281148761510849,0.1396409273147583,-0.14320135116577148,-0.1135830208659172,-0.05179744213819504,0.03541772440075874,0.061791688203811646,0.11305540055036545,0.15291348099708557,0.008681867244382123,0.008996732132310553,0.029664509020322895,5.7847713096140065,0.0
2026-05-30,0.0536629475136871,0.0,0.01738259825196411,0.01738259825196411,0.01730932778820661,0.005185277403975279,0.03810385399728355,0.045057793128651005,-0.0037438764616542324,0.09570040553808212,0.0251607856184434,0.02548408606822259,0.00815658030468811,0.022745206952095032,0.02574647522753803,0.03715362047305413,-0.011727106905853667,0.07596635073423386,0.00854356129607559,0.01727790246524142,-0.024879044696368237,0.06572351604700089,0.0113443795796066,0.01727790246524142,0.011028330274219844,0.08354293555021286,0.0594770608498669,0.04479305389158024,0.018968578721949094,0.10127894580364227,-0.017236834149789694,0.01727790246524142,-0.038324035415321485,0.03506987914443016,-0.011756080565858886,0.01727790246524142,-0.011212170306113399,0.030668089166283607,-0.15010495483875275,-0.05501778423786163,0.0072135161608457565,0.04635787382721901,0.13981376588344574,0.15243957936763763,0.21428227424621582,-0.15860599279403687,-0.08278775215148926,-0.024616217240691185,0.027153270319104195,0.07334968447685242,0.13569657504558563,0.19175942242145538,0.023470046440889767,0.02358323246324329,0.043779544050590605,5.512591630756394,0.0
2026-06-30,0.0464727521884338,0.0,0.017651341579828724,0.017651341579828724,0.015006035558424018,0.005264206567408144,,,,,,,,,,,,,,,,,,,,,,,,,,,,,,,,,,,,,,,,,,,,,,,,,,5.3018491912620505,0.0
2026-07-30,0.0081552410469978,0.0,0.017863263716656703,0.017863263716656703,0.011558239022900214,0.005213955330021041,,,,,,,,,,,,,,,,,,,,,,,,,,,,,,,,,,,,,,,,,,,,,,,,,,5.182093601390831,0.0
2026-08-30,0.0097967964544594,0.0,0.017792402237316127,0.017792402237316127,0.01303547810125645,0.005213931041099892,,,,,,,,,,,,,,,,,,,,,,,,,,,,,,,,,,,,,,,,,,,,,,,,,,5.164794146835059,0.0
