model,coverage
XGB_CTRL_GPRdlag,0.9615384615384616
ENet_CTRL_GPRsurprise,0.9615384615384616
PCR_CTRL_GPRsurprise,0.9615384615384616
XGB_CTRL_GPRsurprise,0.9615384615384616
Ridge_CTRL_GPRasym,0.9615384615384616
ENet_CTRL_GPRasym,0.9615384615384616
PCR_CTRL_GPRasym,0.9615384615384616
XGB_CTRL_GPRasym,0.9615384615384616
Ridge_CTRL_GPRsurprise,0.9615384615384616
Ridge_CTRL_GPRfull,0.9615384615384616
PCR_CTRL_GPRfull,0.9615384615384616
XGB_CTRL_GPRfull,0.9615384615384616
Ridge_CTRL_GPRexpo,0.9615384615384616
ENet_CTRL_GPRexpo,0.9615384615384616
PCR_CTRL_GPRexpo,0.9615384615384616
XGB_CTRL_GPRexpo,0.9615384615384616
COMB_equal_GPR,0.9615384615384616
ENet_CTRL_GPRfull,0.9615384615384616
COMB_dmsfe_GPR,0.9615384615384616
COMB_equal_CTRL,0.9615384615384616
ENet_CTRL_GPRdlag,0.9615384615384616
Ridge_CTRL,0.9615384615384616
ENet_CTRL,0.9615384615384616
PCR_CTRL,0.9615384615384616
XGB_CTRL,0.9615384615384616
PCR_CTRL_GPRdlag,0.9615384615384616
ENet_CTRL_PLACEBO,0.9615384615384616
Ridge_CTRL_PLACEBO,0.9615384615384616
XGB_CTRL_PLACEBO,0.9615384615384616
Ridge_CTRL_GPRlevel,0.9615384615384616
ENet_CTRL_GPRlevel,0.9615384615384616
PCR_CTRL_GPRlevel,0.9615384615384616
XGB_CTRL_GPRlevel,0.9615384615384616
Ridge_CTRL_GPRdlag,0.9615384615384616
PCR_CTRL_PLACEBO,0.9615384615384616
B_AR1,1.0
B_histmean_CT,1.0
B_histmean,1.0
B_zero,1.0
