model,rmse,mae,R2_OS_vs_histmean_pct,direction_accuracy
ENet_CTRL_GPRlevel,0.11217554742160672,0.08400280393464,0.902539551475301,0.6133333333333333
ENet_CTRL,0.11219917978148862,0.08385562315309825,0.8607808332730782,0.6133333333333333
ENet_CTRL_GPRasym,0.11242256820486639,0.08428612041112789,0.4656157208732359,0.6
B_histmean_CT,0.1126852143284966,0.0846004544646452,0.0,0.6
B_histmean,0.1126852143284966,0.0846004544646452,0.0,0.6
ENet_CTRL_GPRdlag,0.11272819321039468,0.08466084115196154,-0.07629586253770082,0.6
ENet_CTRL_GPRexpo,0.11272819321039468,0.08466084115196154,-0.07629586253770082,0.6
ENet_CTRL_GPRfull,0.11272819321039468,0.08466084115196154,-0.07629586253770082,0.6
ENet_CTRL_GPRsurprise,0.11272819321039468,0.08466084115196154,-0.07629586253770082,0.6
PCR_CTRL_GPRfull,0.11292643040867621,0.08883823696796059,-0.428581970488251,0.5466666666666666
B_zero,0.11303986265287976,0.08739330464751024,-0.6304401329469522,
COMB_equal_GPR,0.11353306596589371,0.08677544107599187,-1.5104755149000004,0.56
COMB_dmsfe_GPR,0.1137926255980864,0.08691768781503932,-1.9751531826192492,0.56
B_AR1,0.1139697433060166,0.08620891187904871,-2.2928479665502266,0.5733333333333334
COMB_equal_CTRL,0.11440361097333544,0.08688765727677109,-3.0731609757759237,0.5333333333333333
Ridge_CTRL_GPRdlag,0.11479293372482165,0.08861978385824798,-3.7758836712521893,0.5333333333333333
Ridge_CTRL_GPRsurprise,0.11526194316502134,0.0879316341308401,-4.625610162974891,0.5333333333333333
PCR_CTRL_GPRdlag,0.11565328567482154,0.09030390896148242,-5.33727536585622,0.5066666666666667
Ridge_CTRL_GPRfull,0.11581486011135338,0.09037796879469169,-5.631805688132374,0.5066666666666667
PCR_CTRL_GPRasym,0.11591951529227529,0.08797316910404993,-5.822798632704118,0.5466666666666666
PCR_CTRL_GPRlevel,0.11607881603721855,0.08962907955267747,-6.113849432993335,0.52
PCR_CTRL_PLACEBO,0.11619705976491353,0.09010089931376906,-6.330145363636808,0.5333333333333333
PCR_CTRL,0.11644527398535418,0.08913233701968781,-6.784904606489861,0.52
Ridge_CTRL_GPRexpo,0.1165363416704538,0.0901902847780996,-6.9519952300120424,0.4533333333333333
PCR_CTRL_GPRexpo,0.11712002690737804,0.09088178325217008,-8.026040189988382,0.49333333333333335
XGB_CTRL_GPRasym,0.11731450573249294,0.09272789472926797,-8.385094410895167,0.64
XGB_CTRL_PLACEBO,0.11776713974076994,0.09207402669669085,-9.223071284153006,0.6
Ridge_CTRL_PLACEBO,0.11826569374261055,0.08798783607830822,-10.149796022655488,0.56
XGB_CTRL,0.11832119193496336,0.09290996789809304,-10.253199616975795,0.6
PCR_CTRL_GPRsurprise,0.11876786532602214,0.08996080555234123,-11.087202825397412,0.5466666666666666
ENet_CTRL_PLACEBO,0.11984177320939761,0.0886018343407505,-13.10520273839353,0.56
XGB_CTRL_GPRlevel,0.11991248516353754,0.09235804661055805,-13.238716274607466,0.5866666666666667
XGB_CTRL_GPRfull,0.12016133352370735,0.0954632470534911,-13.709201200762466,0.49333333333333335
XGB_CTRL_GPRsurprise,0.12026961993883652,0.09552606951171332,-13.914237372750016,0.56
XGB_CTRL_GPRexpo,0.12152053737786327,0.09615397459234012,-16.296191507494573,0.5333333333333333
Ridge_CTRL,0.12168673902930327,0.08997826841145778,-16.614521844410124,0.5733333333333334
XGB_CTRL_GPRdlag,0.12169084628806245,0.09714376322948066,-16.62239409250086,0.5866666666666667
Ridge_CTRL_GPRlevel,0.12187462638308807,0.09102715522022307,-16.97491130334241,0.5733333333333334
Ridge_CTRL_GPRasym,0.12199903128764737,0.09099840385841204,-17.21384011563003,0.5333333333333333
