model_A,model_B,conditioning_variable,wald_stat,df,p_value,delta_coefficients
XGB_CTRL,XGB_CTRL_GPRfull,unconditional,0.2686118925731351,1,0.6042644499275566,[-0.000439]
XGB_CTRL,XGB_CTRL_GPRfull,lagged_GPR_level,0.6494678793462034,2,0.7227196150814117,"[0.008405, -0.001866]"
XGB_CTRL,XGB_CTRL_GPRfull,crisis_dummy,0.913577523868107,2,0.6333141059809193,"[0.000287, -0.002178]"
Ridge_CTRL,Ridge_CTRL_GPRfull,unconditional,0.9047736426894728,1,0.3415049386912834,[0.001395]
Ridge_CTRL,Ridge_CTRL_GPRfull,lagged_GPR_level,4.808661477604982,2,0.09032592702341424,"[0.046347, -0.009486]"
Ridge_CTRL,Ridge_CTRL_GPRfull,crisis_dummy,1.12149607064716,2,0.5707819390640368,"[0.000754, 0.001923]"
B_histmean,COMB_equal_GPR,unconditional,0.18491949784818207,1,0.6671791495373092,[-0.000192]
B_histmean,COMB_equal_GPR,lagged_GPR_level,2.8359734133958066,2,0.24220114831294381,"[-0.009716, 0.00201]"
B_histmean,COMB_equal_GPR,crisis_dummy,0.554259032561322,2,0.7579563230692099,"[-0.000306, 0.000343]"
