Ridge,ENet
-4.615455497343279,-0.28930323941254166
-5.936120187855942,-2.127698592272198
-5.780955080190742,-0.46902669091613003
-7.044740034045982,-1.2362618272988124
-4.851809714289046,-0.6780479167168396
-4.846981062922984,-0.58322435999838
-7.292863927471616,-0.40544201958583326
-4.9132349324642055,0.6200340411402938
-3.4583153203996186,0.36376411179460666
-3.4683424985171296,0.5080487920355758
-6.252536417435284,-1.9616593140538319
-4.900592574540874,-0.6059048167996295
-4.867927000007466,-0.43872960857942456
-5.010653953718336,-0.5345888332102477
-3.1583388273584534,-0.9745794732813229
-3.717142085852676,-0.32081330341620085
-2.6884203283328967,0.41453689990009757
-4.96296855703009,-0.3104315325076712
-4.1105243870158015,-1.2951673833429656
-4.175755865104547,-1.0400177720969683
-4.156286293015254,-1.1667236819491666
-2.255414166591696,-0.2903702961051913
-3.3397476020017303,-0.5845104682964175
-6.3317358923174805,1.3753183428538818
-5.015358278872828,0.8543779419288744
-4.262944010376546,0.3743193102570985
-4.531209002331527,-1.0798609118169766
-1.9574686158680743,0.06551676171402399
-3.4462162272989927,-0.36120715301666273
-2.9385356106290894,0.04156338845312524
-4.372605707338506,-2.0734510757551616
-4.279895805496325,-0.4819944006655197
-5.944610176844667,-0.25299255795494524
-5.534190344510348,-0.11202310764844015
-7.053456967134553,-0.4163315469687845
-4.441298410888028,-0.1910169499353298
-8.555604604471956,-0.3557623626766482
-3.6983862100510967,-0.3673992231587597
-3.5014490807760756,-1.5243940621231467
-2.1903630124862516,-2.325091371839827
-5.295063229624719,-0.28920329106087994
-8.646095803565924,-0.6723050916255469
-3.766830799427723,-0.4126806044495446
-6.048293270582805,-0.3664102994549445
-6.228603263305654,-1.3102468552097735
-8.095721437149184,-0.7893586806049679
-3.140158328667364,-1.6825943473284477
-4.389229024300723,-2.580600964038915
-4.165082438744694,-0.37130223022414643
-4.4595705854303835,-0.11135915888331738
