supply_news,gpr,n,beta,se,t,p,cond,holm
sup_auc_bid_range,gprd_log,485,0.0064,0.0034,1.889,0.0595,1.3e+06,0.5355
sup_auc_discount,gprd_log,485,0.006,0.0078,0.773,0.4398,1.4e+06,1.0
sup_auc_bid_range,gprd_surprise,485,0.0057,0.0077,0.738,0.461,1.3e+06,1.0
sup_auc_discount,gprd_surprise,485,0.0087,0.0133,0.659,0.5101,1.3e+06,1.0
sup_auc_discount,gprd_dlog,485,0.0063,0.0101,0.63,0.5288,1.3e+06,1.0
sup_auc_cover_vw,gprd_log,485,0.0064,0.0112,0.57,0.5687,1.3e+06,1.0
sup_auc_cover_vw,gprd_surprise,485,0.0083,0.0176,0.47,0.6387,1.3e+06,1.0
sup_auc_cover_vw,gprd_dlog,485,0.0058,0.016,0.361,0.7185,1.3e+06,1.0
sup_auc_bid_range,gprd_dlog,485,0.0025,0.007,0.359,0.7201,1.3e+06,1.0
