estimator,draw,r2_placebo,r2_GPRfull
Ridge,seed1,-3.012951669836972,-5.631805688132374
Ridge,seed10,-11.39220957160112,-5.631805688132374
Ridge,seed11,-18.150564261015,-5.631805688132374
Ridge,seed12,-12.55236476584214,-5.631805688132374
Ridge,seed13,-17.008985598189398,-5.631805688132374
Ridge,seed14,-18.47203248977427,-5.631805688132374
Ridge,seed15,-13.59080701887654,-5.631805688132374
Ridge,seed16,-21.60662086105083,-5.631805688132374
Ridge,seed17,-5.472447245030465,-5.631805688132374
Ridge,seed18,-16.121874466852006,-5.631805688132374
Ridge,seed19,-20.284436132277193,-5.631805688132374
Ridge,seed2,-25.480571155062854,-5.631805688132374
Ridge,seed20,-15.245054811647265,-5.631805688132374
Ridge,seed21,-9.026856674263527,-5.631805688132374
Ridge,seed22,-17.089704382002523,-5.631805688132374
Ridge,seed23,-5.893789796993887,-5.631805688132374
Ridge,seed24,-10.625533657579322,-5.631805688132374
Ridge,seed25,-23.78833521731083,-5.631805688132374
Ridge,seed26,-6.119522385714138,-5.631805688132374
Ridge,seed27,-19.452639213748135,-5.631805688132374
Ridge,seed28,-14.370823260928422,-5.631805688132374
Ridge,seed29,-13.805325453709427,-5.631805688132374
Ridge,seed3,-21.294188514615307,-5.631805688132374
Ridge,seed30,-7.224446906418702,-5.631805688132374
Ridge,seed31,-17.373887786206677,-5.631805688132374
Ridge,seed32,-6.294944644870126,-5.631805688132374
Ridge,seed33,-17.776837062732852,-5.631805688132374
Ridge,seed34,-5.854946045483067,-5.631805688132374
Ridge,seed35,-10.85367013729508,-5.631805688132374
Ridge,seed36,-17.337908687249804,-5.631805688132374
Ridge,seed37,-5.103173719960186,-5.631805688132374
Ridge,seed38,-12.647945487165437,-5.631805688132374
Ridge,seed39,-4.99407607683342,-5.631805688132374
Ridge,seed4,-19.919849621275265,-5.631805688132374
Ridge,seed40,-10.726618146934564,-5.631805688132374
Ridge,seed41,-19.611298482259,-5.631805688132374
Ridge,seed42,-10.149796022655488,-5.631805688132374
Ridge,seed43,-22.102220242722524,-5.631805688132374
Ridge,seed44,-21.55464339655973,-5.631805688132374
Ridge,seed45,-4.669322377929164,-5.631805688132374
Ridge,seed46,-12.432262757044455,-5.631805688132374
Ridge,seed47,-5.86525601479071,-5.631805688132374
Ridge,seed48,-6.148623311497237,-5.631805688132374
Ridge,seed49,-20.930208078913324,-5.631805688132374
Ridge,seed5,-5.903127398845331,-5.631805688132374
Ridge,seed50,-3.0089629469590484,-5.631805688132374
Ridge,seed6,-4.530959982106131,-5.631805688132374
Ridge,seed7,-5.680290788781783,-5.631805688132374
Ridge,seed8,-22.673230204052253,-5.631805688132374
Ridge,seed9,-15.788848751218731,-5.631805688132374
ENet,seed1,-1.8751243183167563,-0.0762958625377008
ENet,seed10,-0.0740936801326475,-0.0762958625377008
ENet,seed11,-0.0762958625377008,-0.0762958625377008
ENet,seed12,-5.207605824865413,-0.0762958625377008
ENet,seed13,-0.0762958625377008,-0.0762958625377008
ENet,seed14,1.456666835432685,-0.0762958625377008
ENet,seed15,-2.7434995975294862,-0.0762958625377008
ENet,seed16,-0.0762958625377008,-0.0762958625377008
ENet,seed17,-0.213719295839776,-0.0762958625377008
ENet,seed18,-0.0762958625377008,-0.0762958625377008
ENet,seed19,0.6523453889668018,-0.0762958625377008
ENet,seed2,-3.3385433237118844,-0.0762958625377008
ENet,seed20,0.0552380164997479,-0.0762958625377008
ENet,seed21,-0.0762958625377008,-0.0762958625377008
ENet,seed22,-1.7849382739665298,-0.0762958625377008
ENet,seed23,0.8100649125190929,-0.0762958625377008
ENet,seed24,0.7064359868018677,-0.0762958625377008
ENet,seed25,-0.0762958625377008,-0.0762958625377008
ENet,seed26,-2.486959643397846,-0.0762958625377008
ENet,seed27,-5.241979883807235,-0.0762958625377008
ENet,seed28,-0.1535430084504296,-0.0762958625377008
ENet,seed29,-1.2458933471849676,-0.0762958625377008
ENet,seed3,0.7797223816607968,-0.0762958625377008
ENet,seed30,0.393575392520451,-0.0762958625377008
ENet,seed31,-0.2289682196561671,-0.0762958625377008
ENet,seed32,-0.0762958625377008,-0.0762958625377008
ENet,seed33,-0.0762958625377008,-0.0762958625377008
ENet,seed34,-0.0762958625377008,-0.0762958625377008
ENet,seed35,-1.5112757025464107,-0.0762958625377008
ENet,seed36,-2.925346468147372,-0.0762958625377008
ENet,seed37,-0.1867426711224862,-0.0762958625377008
ENet,seed38,0.8458803054329778,-0.0762958625377008
ENet,seed39,-0.252279625492724,-0.0762958625377008
ENet,seed4,-31.319970933687568,-0.0762958625377008
ENet,seed40,-23.633887735464665,-0.0762958625377008
ENet,seed41,0.1115695534779637,-0.0762958625377008
ENet,seed42,-13.10520273839353,-0.0762958625377008
ENet,seed43,-0.0762958625377008,-0.0762958625377008
ENet,seed44,0.7701477819575864,-0.0762958625377008
ENet,seed45,-0.0762958625377008,-0.0762958625377008
ENet,seed46,-3.139879263966794,-0.0762958625377008
ENet,seed47,0.642790146004224,-0.0762958625377008
ENet,seed48,-0.0762958625377008,-0.0762958625377008
ENet,seed49,-0.0762958625377008,-0.0762958625377008
ENet,seed5,0.8287613438558883,-0.0762958625377008
ENet,seed50,-0.2730458133409552,-0.0762958625377008
ENet,seed6,-4.530892846242662,-0.0762958625377008
ENet,seed7,-0.0762958625377008,-0.0762958625377008
ENet,seed8,-6.655448970939792,-0.0762958625377008
ENet,seed9,-0.0762958625377008,-0.0762958625377008
PCR,seed1,-9.611755850813577,-0.428581970488251
PCR,seed10,-5.896780841708216,-0.428581970488251
PCR,seed11,-4.445632355466134,-0.428581970488251
PCR,seed12,-5.575389748167048,-0.428581970488251
PCR,seed13,-1.5563902716268174,-0.428581970488251
PCR,seed14,-2.595947688016365,-0.428581970488251
PCR,seed15,-2.4649941611236237,-0.428581970488251
PCR,seed16,-5.901722281173671,-0.428581970488251
PCR,seed17,-10.633992260503325,-0.428581970488251
PCR,seed18,-9.098590816111615,-0.428581970488251
PCR,seed19,-5.972366305161159,-0.428581970488251
PCR,seed2,-8.773821931591463,-0.428581970488251
PCR,seed20,-9.574928814470574,-0.428581970488251
PCR,seed21,-7.040322472070204,-0.428581970488251
PCR,seed22,-6.94048976802204,-0.428581970488251
PCR,seed23,-3.514841422288084,-0.428581970488251
PCR,seed24,-6.978606061497983,-0.428581970488251
PCR,seed25,-4.984797374273642,-0.428581970488251
PCR,seed26,-8.945152015477253,-0.428581970488251
PCR,seed27,-9.522207822130714,-0.428581970488251
PCR,seed28,-7.012225198794431,-0.428581970488251
PCR,seed29,-4.446033405305538,-0.428581970488251
PCR,seed3,-3.1216483592902744,-0.428581970488251
PCR,seed30,-6.07502036799652,-0.428581970488251
PCR,seed31,-7.99841435277564,-0.428581970488251
PCR,seed32,-9.315673559012438,-0.428581970488251
PCR,seed33,-7.901667732387474,-0.428581970488251
PCR,seed34,-5.146245890221657,-0.428581970488251
PCR,seed35,-7.500867491293084,-0.428581970488251
PCR,seed36,-6.6690689208839915,-0.428581970488251
PCR,seed37,-7.710806022911454,-0.428581970488251
PCR,seed38,-9.500273350442946,-0.428581970488251
PCR,seed39,-8.993737539951452,-0.428581970488251
PCR,seed4,-8.793218267916503,-0.428581970488251
PCR,seed40,-3.685655766846651,-0.428581970488251
PCR,seed41,-6.9577507055585075,-0.428581970488251
PCR,seed42,-6.330145363636808,-0.428581970488251
PCR,seed43,-12.139326708006417,-0.428581970488251
PCR,seed44,-2.4685357459578894,-0.428581970488251
PCR,seed45,-4.688594543575619,-0.428581970488251
PCR,seed46,-4.425707880132745,-0.428581970488251
PCR,seed47,-6.097046826232311,-0.428581970488251
PCR,seed48,-7.113223206934927,-0.428581970488251
PCR,seed49,-7.7274145498375635,-0.428581970488251
PCR,seed5,-10.465937245926904,-0.428581970488251
PCR,seed50,-5.556452251453448,-0.428581970488251
PCR,seed6,-5.369010468277979,-0.428581970488251
PCR,seed7,-5.078056093662409,-0.428581970488251
PCR,seed8,-12.306583989121677,-0.428581970488251
PCR,seed9,-6.4401834311626605,-0.428581970488251
XGB,seed1,-13.844382148676694,-13.709201200762466
XGB,seed10,-14.430791245877897,-13.709201200762466
XGB,seed11,-20.905578733003697,-13.709201200762466
XGB,seed12,-11.704840790760084,-13.709201200762466
XGB,seed13,-6.527378333452161,-13.709201200762466
XGB,seed14,-15.703158472141563,-13.709201200762466
XGB,seed15,-7.263584177625093,-13.709201200762466
XGB,seed16,-16.559339979491305,-13.709201200762466
XGB,seed17,-14.085731544052082,-13.709201200762466
XGB,seed18,-19.512087410540047,-13.709201200762466
XGB,seed19,-16.15881640210879,-13.709201200762466
XGB,seed2,-10.343445672533312,-13.709201200762466
XGB,seed20,-16.85413309626331,-13.709201200762466
XGB,seed21,-18.03519422693607,-13.709201200762466
XGB,seed22,-15.491323771330467,-13.709201200762466
XGB,seed23,-14.82351293288855,-13.709201200762466
XGB,seed24,-15.537583018363389,-13.709201200762466
XGB,seed25,-29.453337819023993,-13.709201200762466
XGB,seed26,-23.260042430257943,-13.709201200762466
XGB,seed27,-21.509957371165168,-13.709201200762466
XGB,seed28,-9.05647434294401,-13.709201200762466
XGB,seed29,-9.615385375074204,-13.709201200762466
XGB,seed3,-19.19152676386364,-13.709201200762466
XGB,seed30,-15.08440228014971,-13.709201200762466
XGB,seed31,-14.973511689825456,-13.709201200762466
XGB,seed32,-6.176731432646809,-13.709201200762466
XGB,seed33,-22.846600272861984,-13.709201200762466
XGB,seed34,-9.415934713892572,-13.709201200762466
XGB,seed35,2.784882592662541,-13.709201200762466
XGB,seed36,-14.653685695433438,-13.709201200762466
XGB,seed37,-10.677932146497238,-13.709201200762466
XGB,seed38,-11.074247657209702,-13.709201200762466
XGB,seed39,-11.75446684002932,-13.709201200762466
XGB,seed4,-12.43962755104433,-13.709201200762466
XGB,seed40,0.3515478700001795,-13.709201200762466
XGB,seed41,-10.621606004274287,-13.709201200762466
XGB,seed42,-9.223071284153006,-13.709201200762466
XGB,seed43,-11.10223111040336,-13.709201200762466
XGB,seed44,-18.302914930305914,-13.709201200762466
XGB,seed45,-14.445995145541524,-13.709201200762466
XGB,seed46,-18.98035469716801,-13.709201200762466
XGB,seed47,-9.275339347756306,-13.709201200762466
XGB,seed48,-19.08376270862659,-13.709201200762466
XGB,seed49,-14.13854118023272,-13.709201200762466
XGB,seed5,-19.564110798730283,-13.709201200762466
XGB,seed50,-8.273066319422039,-13.709201200762466
XGB,seed6,-6.242602504907047,-13.709201200762466
XGB,seed7,-9.50667227760813,-13.709201200762466
XGB,seed8,-22.031530184834345,-13.709201200762466
XGB,seed9,-15.697605501533276,-13.709201200762466
